,year_state,state,year,ed_enrollment,ed_total_exp_1k,prisoner_count,corr_total_exp_1k,state_population,cost_per_stu,stu_to_pop_percent,cost_per_prisoner,prisoner_to_pop_percent
0,2006_ALABAMA,ALABAMA,2006,743265,6591429,24103.0,626112,4599030,8868.0,16.16,25977.0,0.52
1,2006_ALASKA,ALASKA,2006,132893,1817656,5052.0,212043,670053,13678.0,19.83,41972.0,0.75
2,2006_ARIZONA,ARIZONA,2006,947266,7934177,35752.0,1428311,6166318,8376.0,15.36,39951.0,0.58
3,2006_ARKANSAS,ARKANSAS,2006,472609,4343877,12854.0,446200,2810872,9191.0,16.81,34713.0,0.46
4,2006_CALIFORNIA,CALIFORNIA,2006,6295994,68722432,172298.0,10914128,36457549,10915.0,17.27,63344.0,0.47
5,2006_COLORADO,COLORADO,2006,778842,7803324,22051.0,1000585,4753377,10019.0,16.39,45376.0,0.46
6,2006_CONNECTICUT,CONNECTICUT,2006,549744,7982143,18902.0,618388,3504809,14520.0,15.69,32715.0,0.54
7,2006_DELAWARE,DELAWARE,2006,114371,1646885,7021.0,244736,853476,14399.0,13.4,34858.0,0.82
8,2006_FLORIDA,FLORIDA,2006,2663973,26609155,90377.0,4047591,18089888,9989.0,14.73,44786.0,0.5
9,2006_GEORGIA,GEORGIA,2006,1597682,15839227,52792.0,2000474,9363941,9914.0,17.06,37894.0,0.56
10,2006_HAWAII,HAWAII,2006,182818,1939968,5510.0,179322,1285498,10611.0,14.22,32545.0,0.43
11,2006_IDAHO,IDAHO,2006,258314,1903720,6665.0,261083,1466465,7370.0,17.61,39172.0,0.45
12,2006_ILLINOIS,ILLINOIS,2006,2097585,22622323,45106.0,1761123,12831970,10785.0,16.35,39044.0,0.35
13,2006_INDIANA,INDIANA,2006,1026106,11260755,24901.0,934105,6313520,10974.0,16.25,37513.0,0.39
14,2006_IOWA,IOWA,2006,483482,4930613,8838.0,359343,2982085,10198.0,16.21,40659.0,0.3
15,2006_KANSAS,KANSAS,2006,467279,4439000,8833.0,376395,2764075,9500.0,16.91,42612.0,0.32
16,2006_KENTUCKY,KENTUCKY,2006,679621,6112978,15589.0,627676,4206074,8995.0,16.16,40264.0,0.37
17,2006_LOUISIANA,LOUISIANA,2006,648313,6032182,20815.0,998848,4287768,9304.0,15.12,47987.0,0.49
18,2006_MAINE,MAINE,2006,195675,2381439,2083.0,182638,1321574,12170.0,14.81,87680.0,0.16
19,2006_MARYLAND,MARYLAND,2006,860021,10585292,22662.0,1461192,5615727,12308.0,15.31,64478.0,0.4
20,2006_MASSACHUSETTS,MASSACHUSETTS,2006,949951,13503621,10773.0,1158360,6437193,14215.0,14.76,107524.0,0.17
21,2006_MICHIGAN,MICHIGAN,2006,1714416,20626758,51515.0,2288841,10095643,12031.0,16.98,44431.0,0.51
22,2006_MINNESOTA,MINNESOTA,2006,812040,9671933,8814.0,738800,5167101,11911.0,15.72,83821.0,0.17
23,2006_MISSISSIPPI,MISSISSIPPI,2006,493952,4066036,16384.0,376892,2910540,8232.0,16.97,23004.0,0.56
24,2006_MISSOURI,MISSOURI,2006,913765,8654672,30116.0,805061,5842713,9471.0,15.64,26732.0,0.52
25,2006_MONTANA,MONTANA,2006,145259,1377599,2948.0,175599,944632,9484.0,15.38,59565.0,0.31
26,2006_NEBRASKA,NEBRASKA,2006,285547,2867250,4399.0,293112,1768331,10041.0,16.15,66632.0,0.25
27,2006_NEVADA,NEVADA,2006,412747,4022979,12754.0,555564,2495529,9747.0,16.54,43560.0,0.51
28,2006_OHIO,OHIO,2006,1769200,20589584,48482.0,1994398,11478006,11638.0,15.41,41137.0,0.42
29,2006_OKLAHOMA,OKLAHOMA,2006,634468,5094695,22873.0,632383,3579212,8030.0,17.73,27648.0,0.64
30,2006_OREGON,OREGON,2006,556185,5386128,13191.0,921710,3700758,9684.0,15.03,69874.0,0.36
31,2006_PENNSYLVANIA,PENNSYLVANIA,2006,1752402,24195122,43971.0,2795776,12440621,13807.0,14.09,63582.0,0.35
32,2006_TENNESSEE,TENNESSEE,2006,953514,7395357,19312.0,895958,6038803,7756.0,15.79,46394.0,0.32
33,2006_TEXAS,TEXAS,2006,4450272,43394244,158510.0,4429650,23507783,9751.0,18.93,27946.0,0.67
34,2006_UTAH,UTAH,2006,496507,3371338,5031.0,446337,2550063,6790.0,19.47,88717.0,0.2
35,2006_VERMONT,VERMONT,2006,90850,1711762,2215.0,101311,623908,18842.0,14.56,45739.0,0.36
36,2006_VIRGINIA,VIRGINIA,2006,1213616,13481336,30823.0,1756137,7642884,11108.0,15.88,56975.0,0.4
37,2006_WASHINGTON,WASHINGTON,2006,1031668,9915617,16827.0,1413352,6395798,9611.0,16.13,83993.0,0.26
38,2006_WISCONSIN,WISCONSIN,2006,869596,9779642,22564.0,1276332,5556506,11246.0,15.65,56565.0,0.41
39,2006_WYOMING,WYOMING,2006,86155,1146527,2035.0,180162,515004,13308.0,16.73,88532.0,0.4
40,2007_ALABAMA,ALABAMA,2007,743273,7196459,25253.0,764056,4627851,9682.0,16.06,30256.0,0.55
41,2007_ALASKA,ALASKA,2007,132197,1938755,5151.0,240596,683478,14666.0,19.34,46709.0,0.75
42,2007_ARIZONA,ARIZONA,2007,969875,8709531,37700.0,1542758,6338755,8980.0,15.3,40922.0,0.59
43,2007_ARKANSAS,ARKANSAS,2007,474532,4779308,13275.0,447591,2834797,10072.0,16.74,33717.0,0.47
44,2007_CALIFORNIA,CALIFORNIA,2007,6288686,73225422,171444.0,12625215,36553215,11644.0,17.2,73640.0,0.47
45,2007_COLORADO,COLORADO,2007,790211,8039146,22666.0,1137150,4861515,10173.0,16.25,50170.0,0.47
46,2007_CONNECTICUT,CONNECTICUT,2007,549230,8685421,19438.0,660035,3502309,15814.0,15.68,33956.0,0.56
47,2007_DELAWARE,DELAWARE,2007,114678,1705204,7110.0,265921,864764,14869.0,13.26,37401.0,0.82
48,2007_FLORIDA,FLORIDA,2007,2656176,29849892,95187.0,4235748,18251243,11238.0,14.55,44499.0,0.52
49,2007_GEORGIA,GEORGIA,2007,1628409,17389530,54256.0,2209743,9544750,10679.0,17.06,40728.0,0.57
50,2007_HAWAII,HAWAII,2007,180728,2199604,5457.0,197273,1283388,12171.0,14.08,36150.0,0.43
51,2007_IDAHO,IDAHO,2007,262935,1960472,7055.0,269496,1499402,7456.0,17.54,38199.0,0.47
52,2007_ILLINOIS,ILLINOIS,2007,2101075,23401917,45215.0,1866538,12852548,11138.0,16.35,41281.0,0.35
53,2007_INDIANA,INDIANA,2007,1034588,11462062,25137.0,974636,6345289,11079.0,16.3,38773.0,0.4
54,2007_IOWA,IOWA,2007,483122,5198975,8692.0,436372,2988046,10761.0,16.17,50204.0,0.29
55,2007_KANSAS,KANSAS,2007,468974,4823931,8721.0,382998,2775997,10286.0,16.89,43917.0,0.31
56,2007_KENTUCKY,KENTUCKY,2007,646360,6351636,15364.0,657081,4241474,9827.0,15.24,42768.0,0.36
57,2007_LOUISIANA,LOUISIANA,2007,662302,6657341,20461.0,1067164,4293204,10052.0,15.43,52156.0,0.48
58,2007_MAINE,MAINE,2007,193539,2501127,2148.0,198472,1317207,12923.0,14.69,92399.0,0.16
59,2007_MARYLAND,MARYLAND,2007,851640,11541225,23184.0,1661414,5618344,13552.0,15.16,71662.0,0.41
60,2007_MASSACHUSETTS,MASSACHUSETTS,2007,945070,14315518,11071.0,1285168,6449755,15148.0,14.65,116084.0,0.17
61,2007_MICHIGAN,MICHIGAN,2007,1686473,19839838,50233.0,2357772,10071822,11764.0,16.74,46937.0,0.5
62,2007_MINNESOTA,MINNESOTA,2007,810104,10030105,9192.0,839428,5197621,12381.0,15.59,91322.0,0.18
63,2007_MISSISSIPPI,MISSISSIPPI,2007,494135,4158733,17478.0,431112,2918785,8416.0,16.93,24666.0,0.6
64,2007_MISSOURI,MISSOURI,2007,910142,9245525,29823.0,799156,5878415,10158.0,15.48,26797.0,0.51
65,2007_MONTANA,MONTANA,2007,144258,1442434,2909.0,181273,957861,9999.0,15.06,62315.0,0.3
66,2007_NEBRASKA,NEBRASKA,2007,287135,3117931,4402.0,325913,1774571,10859.0,16.18,74037.0,0.25
67,2007_NEVADA,NEVADA,2007,422782,4346371,13311.0,661730,2565382,10280.0,16.48,49713.0,0.52
68,2007_OHIO,OHIO,2007,1758645,21336580,49894.0,1630638,11466917,12132.0,15.34,32682.0,0.44
69,2007_OKLAHOMA,OKLAHOMA,2007,639032,5505213,23778.0,666044,3617316,8615.0,17.67,28011.0,0.66
70,2007_OREGON,OREGON,2007,559643,5634955,13373.0,990334,3747455,10069.0,14.93,74055.0,0.36
71,2007_PENNSYLVANIA,PENNSYLVANIA,2007,1760451,25627083,45530.0,3032517,12432792,14557.0,14.16,66605.0,0.37
72,2007_TENNESSEE,TENNESSEE,2007,978084,7817659,19268.0,951831,6156719,7993.0,15.89,49400.0,0.31
73,2007_TEXAS,TEXAS,2007,4513835,45920825,158576.0,4719727,23904380,10173.0,18.88,29763.0,0.66
74,2007_UTAH,UTAH,2007,504079,3618540,5165.0,476429,2645330,7179.0,19.06,92242.0,0.2
75,2007_VERMONT,VERMONT,2007,89329,1804519,2116.0,113549,621254,20201.0,14.38,53662.0,0.34
76,2007_VIRGINIA,VIRGINIA,2007,1220440,14700853,32977.0,1941376,7712091,12046.0,15.83,58871.0,0.43
77,2007_WASHINGTON,WASHINGTON,2007,1026121,10682397,16911.0,1580878,6468424,10410.0,15.86,93482.0,0.26
78,2007_WISCONSIN,WISCONSIN,2007,870584,9988878,22839.0,1365799,5601640,11474.0,15.54,59801.0,0.41
79,2007_WYOMING,WYOMING,2007,85034,1390344,1927.0,171491,522830,16350.0,16.26,88994.0,0.37
80,2008_ALABAMA,ALABAMA,2008,742919,7847387,25363.0,704294,4661900,10563.0,15.94,27769.0,0.54
81,2008_ALASKA,ALASKA,2008,130624,2274819,4997.0,248805,686293,17415.0,19.03,49791.0,0.73
82,2008_ARIZONA,ARIZONA,2008,987332,9581201,39455.0,1643841,6500180,9704.0,15.19,41664.0,0.61
83,2008_ARKANSAS,ARKANSAS,2008,476110,4720720,13135.0,499825,2855390,9915.0,16.67,38053.0,0.46
84,2008_CALIFORNIA,CALIFORNIA,2008,6258421,76618865,171085.0,13542366,36756666,12243.0,17.03,79156.0,0.47
85,2008_COLORADO,COLORADO,2008,796824,8884786,23211.0,1174865,4939456,11150.0,16.13,50617.0,0.47
86,2008_CONNECTICUT,CONNECTICUT,2008,544417,9046750,19905.0,713276,3501252,16617.0,15.55,35834.0,0.57
87,2008_DELAWARE,DELAWARE,2008,114062,1746925,6944.0,280710,873092,15316.0,13.06,40425.0,0.8
88,2008_FLORIDA,FLORIDA,2008,2645680,31219589,99878.0,4755810,18328340,11800.0,14.43,47616.0,0.54
89,2008_GEORGIA,GEORGIA,2008,1646010,19172087,52719.0,2299773,9685744,11648.0,16.99,43623.0,0.54
90,2008_HAWAII,HAWAII,2008,179897,2242408,5455.0,219069,1288198,12465.0,13.97,40159.0,0.42
91,2008_IDAHO,IDAHO,2008,265844,2001328,7033.0,309537,1523816,7528.0,17.45,44012.0,0.46
92,2008_ILLINOIS,ILLINOIS,2008,2099118,25696866,45474.0,1976700,12901563,12242.0,16.27,43469.0,0.35
93,2008_INDIANA,INDIANA,2008,1033329,10865851,26392.0,1062834,6376792,10515.0,16.2,40271.0,0.41
94,2008_IOWA,IOWA,2008,485114,5495756,8723.0,442383,3002555,11329.0,16.16,50715.0,0.29
95,2008_KANSAS,KANSAS,2008,467743,5122049,8556.0,464447,2802134,10951.0,16.69,54283.0,0.31
96,2008_KENTUCKY,KENTUCKY,2008,666019,6793215,15260.0,734285,4269245,10200.0,15.6,48118.0,0.36
97,2008_LOUISIANA,LOUISIANA,2008,662971,7599993,20857.0,1242268,4410796,11464.0,15.03,59561.0,0.47
98,2008_MAINE,MAINE,2008,193058,2582293,2047.0,213015,1316456,13376.0,14.66,104062.0,0.16
99,2008_MARYLAND,MARYLAND,2008,845700,12739693,23141.0,1683629,5633597,15064.0,15.01,72755.0,0.41
100,2008_MASSACHUSETTS,MASSACHUSETTS,2008,937677,14631545,11174.0,1407655,6497967,15604.0,14.43,125976.0,0.17
101,2008_MICHIGAN,MICHIGAN,2008,1661936,20703780,48738.0,2445193,10003422,12458.0,16.61,50170.0,0.49
102,2008_MINNESOTA,MINNESOTA,2008,807929,10462624,9031.0,914515,5220393,12950.0,15.48,101264.0,0.17
103,2008_MISSISSIPPI,MISSISSIPPI,2008,493302,4363308,17896.0,488489,2938618,8845.0,16.79,27296.0,0.61
104,2008_MISSOURI,MISSOURI,2008,898350,9900419,30137.0,873670,5911605,11021.0,15.2,28990.0,0.51
105,2008_MONTANA,MONTANA,2008,142695,1557678,2910.0,204041,967440,10916.0,14.75,70117.0,0.3
106,2008_NEBRASKA,NEBRASKA,2008,290912,3325663,4470.0,322313,1783432,11432.0,16.31,72106.0,0.25
107,2008_NEVADA,NEVADA,2008,428776,4881218,12877.0,768096,2600167,11384.0,16.49,59649.0,0.5
108,2008_OHIO,OHIO,2008,1743920,21951104,50884.0,1975013,11485910,12587.0,15.18,38814.0,0.44
109,2008_OKLAHOMA,OKLAHOMA,2008,641682,5667749,23676.0,705173,3642361,8833.0,17.62,29784.0,0.65
110,2008_OREGON,OREGON,2008,562632,6407512,13541.0,1016251,3790060,11388.0,14.84,75050.0,0.36
111,2008_PENNSYLVANIA,PENNSYLVANIA,2008,1718588,26597713,48736.0,3043914,12448279,15476.0,13.81,62457.0,0.39
112,2008_TENNESSEE,TENNESSEE,2008,966963,8488521,19379.0,957230,6214888,8779.0,15.56,49395.0,0.31
113,2008_TEXAS,TEXAS,2008,4581517,50205827,159237.0,5214563,24326974,10958.0,18.83,32747.0,0.65
114,2008_UTAH,UTAH,2008,556314,4337917,5132.0,506695,2736424,7798.0,20.33,98732.0,0.19
115,2008_VERMONT,VERMONT,2008,87919,1888133,2116.0,119233,621270,21476.0,14.15,56348.0,0.34
116,2008_VIRGINIA,VIRGINIA,2008,1230857,15236306,32585.0,2080402,7769089,12379.0,15.84,63845.0,0.42
117,2008_WASHINGTON,WASHINGTON,2008,1029576,11677666,17188.0,1731706,6549224,11342.0,15.72,100751.0,0.26
118,2008_WISCONSIN,WISCONSIN,2008,867929,10545964,22282.0,1446503,5627967,12151.0,15.42,64918.0,0.4
119,2008_WYOMING,WYOMING,2008,85991,1517325,1704.0,240259,532668,17645.0,16.14,140997.0,0.32
120,2009_ALABAMA,ALABAMA,2009,745668,7815467,27241.0,741164,4708708,10481.0,15.84,27208.0,0.58
121,2009_ALASKA,ALASKA,2009,130236,2396412,5472.0,262996,698473,18401.0,18.65,48062.0,0.78
122,2009_ARIZONA,ARIZONA,2009,981303,9580393,40544.0,1783640,6595778,9763.0,14.88,43993.0,0.61
123,2009_ARKANSAS,ARKANSAS,2009,474423,5017352,13338.0,432535,2889450,10576.0,16.42,32429.0,0.46
124,2009_CALIFORNIA,CALIFORNIA,2009,6234155,74766086,168830.0,14132134,36961664,11993.0,16.87,83706.0,0.46
125,2009_COLORADO,COLORADO,2009,812068,8682489,22725.0,1215892,5024748,10692.0,16.16,53505.0,0.45
126,2009_CONNECTICUT,CONNECTICUT,2009,539250,9323053,18938.0,724989,3518288,17289.0,15.33,38282.0,0.54
127,2009_DELAWARE,DELAWARE,2009,116804,1798244,6581.0,272763,885122,15395.0,13.2,41447.0,0.74
128,2009_FLORIDA,FLORIDA,2009,2623067,28867429,101373.0,4641166,18537969,11005.0,14.15,45783.0,0.55
129,2009_GEORGIA,GEORGIA,2009,1649598,19025136,53538.0,2305356,9829211,11533.0,16.78,43060.0,0.54
130,2009_HAWAII,HAWAII,2009,179478,2318671,4848.0,230656,1295178,12919.0,13.86,47578.0,0.37
131,2009_IDAHO,IDAHO,2009,267951,2078446,7184.0,326151,1545801,7757.0,17.33,45400.0,0.46
132,2009_ILLINOIS,ILLINOIS,2009,2117291,27716187,45161.0,1971909,12910409,13090.0,16.4,43664.0,0.35
133,2009_INDIANA,INDIANA,2009,1028259,11218398,26748.0,1051892,6423113,10910.0,16.01,39326.0,0.42
134,2009_IOWA,IOWA,2009,487559,5732186,8914.0,439023,3007856,11757.0,16.21,49251.0,0.3
135,2009_KANSAS,KANSAS,2009,470445,5827751,8644.0,505825,2818747,12388.0,16.69,58517.0,0.31
136,2009_KENTUCKY,KENTUCKY,2009,669858,6831006,14984.0,716658,4314113,10198.0,15.53,47828.0,0.35
137,2009_LOUISIANA,LOUISIANA,2009,662774,8053960,19889.0,1377330,4492076,12152.0,14.75,69251.0,0.44
138,2009_MAINE,MAINE,2009,187372,2624504,2074.0,204701,1318301,14007.0,14.21,98699.0,0.16
139,2009_MARYLAND,MARYLAND,2009,843781,12757599,22066.0,1779591,5699478,15120.0,14.8,80649.0,0.39
140,2009_MASSACHUSETTS,MASSACHUSETTS,2009,932437,15174814,11156.0,1346549,6593587,16274.0,14.14,120702.0,0.17
141,2009_MICHIGAN,MICHIGAN,2009,1537515,19992550,45478.0,2405842,9969727,13003.0,15.42,52901.0,0.46
142,2009_MINNESOTA,MINNESOTA,2009,800831,11193640,9500.0,922312,5266214,13978.0,15.21,97085.0,0.18
143,2009_MISSISSIPPI,MISSISSIPPI,2009,491194,4552756,17212.0,523210,2951996,9269.0,16.64,30398.0,0.58
144,2009_MISSOURI,MISSOURI,2009,893807,10227305,30519.0,903970,5987580,11442.0,14.93,29620.0,0.51
145,2009_MONTANA,MONTANA,2009,141782,1622485,3085.0,229848,974989,11444.0,14.54,74505.0,0.32
146,2009_NEBRASKA,NEBRASKA,2009,292161,3523803,4490.0,340805,1796619,12061.0,16.26,75903.0,0.25
147,2009_NEVADA,NEVADA,2009,430985,4577881,12570.0,814903,2643085,10622.0,16.31,64829.0,0.48
148,2009_OHIO,OHIO,2009,1729072,22427481,50783.0,2046477,11542645,12971.0,14.98,40298.0,0.44
149,2009_OKLAHOMA,OKLAHOMA,2009,644549,5941799,24053.0,717958,3687050,9219.0,17.48,29849.0,0.65
150,2009_OREGON,OREGON,2009,560726,6715011,13735.0,1037428,3825657,11976.0,14.66,75532.0,0.36
151,2009_PENNSYLVANIA,PENNSYLVANIA,2009,1687145,27328680,50485.0,3067404,12604767,16198.0,13.38,60759.0,0.4
152,2009_TENNESSEE,TENNESSEE,2009,971484,8611178,19932.0,1035398,6296254,8864.0,15.43,51947.0,0.32
153,2009_TEXAS,TEXAS,2009,4647205,53575273,158542.0,5806689,24782302,11528.0,18.75,36626.0,0.64
154,2009_UTAH,UTAH,2009,532433,4419750,5244.0,525759,2784572,8301.0,19.12,100259.0,0.19
155,2009_VERMONT,VERMONT,2009,86320,1661019,2220.0,119200,621760,19243.0,13.88,53694.0,0.36
156,2009_VIRGINIA,VIRGINIA,2009,1235064,15510318,30995.0,2237744,7882590,12558.0,15.67,72197.0,0.39
157,2009_WASHINGTON,WASHINGTON,2009,1035907,12240632,17255.0,1730396,6664195,11816.0,15.54,100284.0,0.26
158,2009_WISCONSIN,WISCONSIN,2009,867035,10880480,22262.0,1516021,5654774,12549.0,15.33,68099.0,0.39
159,2009_WYOMING,WYOMING,2009,86971,1658156,1743.0,222267,544270,19066.0,15.98,127520.0,0.32
160,2010_ALABAMA,ALABAMA,2010,748889,7647571,27345.0,727653,4785401,10212.0,15.65,26610.0,0.57
161,2010_ALASKA,ALASKA,2010,131265,2371251,5369.0,274272,714146,18065.0,18.38,51084.0,0.75
162,2010_ARIZONA,ARIZONA,2010,963517,8812967,40130.0,1664902,6413158,9147.0,15.02,41488.0,0.63
163,2010_ARKANSAS,ARKANSAS,2010,474897,5520387,14192.0,498015,2921588,11624.0,16.25,35091.0,0.49
164,2010_CALIFORNIA,CALIFORNIA,2010,6213958,71227111,162821.0,12931191,37338198,11462.0,16.64,79420.0,0.44
165,2010_COLORADO,COLORADO,2010,825242,8914338,22752.0,1312747,5047692,10802.0,16.35,57698.0,0.45
166,2010_CONNECTICUT,CONNECTICUT,2010,534800,9542108,18629.0,671373,3575498,17842.0,14.96,36039.0,0.52
167,2010_DELAWARE,DELAWARE,2010,117628,1758988,6378.0,261950,899792,14954.0,13.07,41071.0,0.71
168,2010_FLORIDA,FLORIDA,2010,2627390,27267009,102070.0,4502301,18838613,10378.0,13.95,44110.0,0.54
169,2010_GEORGIA,GEORGIA,2010,1660643,17834488,52794.0,2259203,9712157,10740.0,17.1,42793.0,0.54
170,2010_HAWAII,HAWAII,2010,180196,2215458,5294.0,206695,1363359,12295.0,13.22,39043.0,0.39
171,2010_IDAHO,IDAHO,2010,266613,2098737,7235.0,300280,1571102,7872.0,16.97,41504.0,0.46
172,2010_ILLINOIS,ILLINOIS,2010,2098401,28560306,48418.0,1964884,12841980,13611.0,16.34,40582.0,0.38
173,2010_INDIANA,INDIANA,2010,1026053,11502534,27273.0,1018814,6490622,11210.0,15.81,37356.0,0.42
174,2010_IOWA,IOWA,2010,491255,5941449,9457.0,426182,3050202,12094.0,16.11,45065.0,0.31
175,2010_KANSAS,KANSAS,2010,471406,5979429,9055.0,497500,2859143,12684.0,16.49,54942.0,0.32
176,2010_KENTUCKY,KENTUCKY,2010,679901,7092071,14501.0,721635,4347223,10431.0,15.64,49764.0,0.33
177,2010_LOUISIANA,LOUISIANA,2010,663802,8125021,19008.0,1319289,4545343,12240.0,14.6,69407.0,0.42
178,2010_MAINE,MAINE,2010,187634,2680693,1954.0,203027,1327379,14287.0,14.14,103903.0,0.15
179,2010_MARYLAND,MARYLAND,2010,848252,13205691,22856.0,1737564,5785681,15568.0,14.66,76022.0,0.4
180,2010_MASSACHUSETTS,MASSACHUSETTS,2010,929569,14857823,11162.0,1191297,6555466,15984.0,14.18,106728.0,0.17
181,2010_MICHIGAN,MICHIGAN,2010,1510716,19967017,44113.0,2276493,9877143,13217.0,15.3,51606.0,0.45
182,2010_MINNESOTA,MINNESOTA,2010,799615,10564774,9397.0,861138,5310658,13212.0,15.06,91640.0,0.18
183,2010_MISSISSIPPI,MISSISSIPPI,2010,491651,4504257,16454.0,540947,2970072,9161.0,16.55,32876.0,0.55
184,2010_MISSOURI,MISSOURI,2010,897348,10139784,30577.0,877372,5995715,11300.0,14.97,28694.0,0.51
185,2010_MONTANA,MONTANA,2010,141693,1642886,3137.0,247689,990958,11595.0,14.3,78957.0,0.32
186,2010_NEBRASKA,NEBRASKA,2010,294948,3640199,4608.0,359392,1830141,12342.0,16.12,77993.0,0.25
187,2010_NEVADA,NEVADA,2010,423859,4260869,12192.0,681868,2704283,10053.0,15.67,55927.0,0.45
188,2010_OHIO,OHIO,2010,1669748,22701333,51709.0,1887812,11537968,13596.0,14.47,36508.0,0.45
189,2010_OKLAHOMA,OKLAHOMA,2010,653592,5971651,24147.0,691065,3760184,9137.0,17.38,28619.0,0.64
190,2010_OREGON,OREGON,2010,560239,6398065,13859.0,1069653,3838332,11420.0,14.6,77181.0,0.36
191,2010_PENNSYLVANIA,PENNSYLVANIA,2010,1682887,28231191,48087.0,3196999,12717722,16775.0,13.23,66484.0,0.38
192,2010_TENNESSEE,TENNESSEE,2010,971414,8760367,20037.0,1014206,6357436,9018.0,15.28,50617.0,0.32
193,2010_TEXAS,TEXAS,2010,4728815,53810244,160242.0,5744841,25253466,11379.0,18.73,35851.0,0.63
194,2010_UTAH,UTAH,2010,538676,4326951,5442.0,499206,2775479,8033.0,19.41,91732.0,0.2
195,2010_VERMONT,VERMONT,2010,87750,1719870,2079.0,124290,625909,19600.0,14.02,59784.0,0.33
196,2010_VIRGINIA,VIRGINIA,2010,1244673,14919831,31911.0,2120072,8023953,11987.0,15.51,66437.0,0.4
197,2010_WASHINGTON,WASHINGTON,2010,1034735,11820814,17028.0,1664846,6742950,11424.0,15.35,97771.0,0.25
198,2010_WISCONSIN,WISCONSIN,2010,864898,11116821,22033.0,1523868,5691659,12853.0,15.2,69163.0,0.39
199,2010_WYOMING,WYOMING,2010,87379,1696177,2092.0,201723,564554,19412.0,15.48,96426.0,0.37
200,2011_ALABAMA,ALABAMA,2011,746933,7411768,26813.0,723829,4803689,9923.0,15.55,26995.0,0.56
201,2011_ALASKA,ALASKA,2011,131704,2443898,6216.0,287214,723860,18556.0,18.19,46206.0,0.86
202,2011_ARIZONA,ARIZONA,2011,946571,8610417,39949.0,1466189,6467315,9096.0,14.64,36702.0,0.62
203,2011_ARKANSAS,ARKANSAS,2011,475551,5669431,14090.0,543865,2938582,11922.0,16.18,38599.0,0.48
204,2011_CALIFORNIA,CALIFORNIA,2011,6202604,69847705,147578.0,13630307,37683933,11261.0,16.46,92360.0,0.39
205,2011_COLORADO,COLORADO,2011,834832,8676451,21862.0,1215364,5116302,10393.0,16.32,55593.0,0.43
206,2011_CONNECTICUT,CONNECTICUT,2011,530132,9439182,17877.0,687886,3586717,17805.0,14.78,38479.0,0.5
207,2011_DELAWARE,DELAWARE,2011,119878,1808905,6546.0,266666,908137,15090.0,13.2,40737.0,0.72
208,2011_FLORIDA,FLORIDA,2011,2636404,26991946,100861.0,4327447,19082262,10238.0,13.82,42905.0,0.53
209,2011_GEORGIA,GEORGIA,2011,1666039,17187481,52844.0,2275864,9812460,10316.0,16.98,43068.0,0.54
210,2011_HAWAII,HAWAII,2011,179601,2259104,5454.0,191030,1378129,12578.0,13.03,35026.0,0.4
211,2011_IDAHO,IDAHO,2011,265713,1960818,7470.0,290077,1583744,7379.0,16.78,38832.0,0.47
212,2011_ILLINOIS,ILLINOIS,2011,2072114,28525858,48427.0,2212636,12859752,13767.0,16.11,45690.0,0.38
213,2011_INDIANA,INDIANA,2011,1023220,11113533,27402.0,1001179,6516353,10861.0,15.7,36537.0,0.42
214,2011_IOWA,IOWA,2011,493493,6057294,9115.0,468419,3064097,12274.0,16.11,51390.0,0.3
215,2011_KANSAS,KANSAS,2011,482692,5662146,9330.0,502965,2870386,11730.0,16.82,53908.0,0.33
216,2011_KENTUCKY,KENTUCKY,2011,672958,7253850,14001.0,736460,4366814,10779.0,15.41,52601.0,0.32
217,2011_LOUISIANA,LOUISIANA,2011,665109,8218870,18844.0,1317824,4574766,12357.0,14.54,69933.0,0.41
218,2011_MAINE,MAINE,2011,186835,2728535,1978.0,196598,1328544,14604.0,14.06,99392.0,0.15
219,2011_MARYLAND,MARYLAND,2011,851971,13247697,23001.0,1719814,5839572,15549.0,14.59,74771.0,0.39
220,2011_MASSACHUSETTS,MASSACHUSETTS,2011,924903,15150898,11467.0,1051338,6607003,16381.0,14.0,91684.0,0.17
221,2011_MICHIGAN,MICHIGAN,2011,1455966,18469948,42904.0,2245187,9876801,12686.0,14.74,52330.0,0.43
222,2011_MINNESOTA,MINNESOTA,2011,798891,10612480,9309.0,870853,5347299,13284.0,14.94,93550.0,0.17
223,2011_MISSISSIPPI,MISSISSIPPI,2011,490526,4345783,15390.0,550229,2977457,8859.0,16.47,35752.0,0.52
224,2011_MISSOURI,MISSOURI,2011,896702,9842505,30969.0,861737,6008984,10976.0,14.92,27826.0,0.52
225,2011_MONTANA,MONTANA,2011,141529,1655584,3125.0,240862,997667,11698.0,14.19,77076.0,0.31
226,2011_NEBRASKA,NEBRASKA,2011,297659,3676326,4657.0,365920,1842234,12351.0,16.16,78574.0,0.25
227,2011_NEVADA,NEVADA,2011,429610,4258855,12159.0,686732,2720028,9913.0,15.79,56479.0,0.45
228,2011_OHIO,OHIO,2011,1655534,23010396,50961.0,1911436,11541007,13899.0,14.34,37508.0,0.44
229,2011_OKLAHOMA,OKLAHOMA,2011,658163,5644988,23750.0,651506,3784163,8577.0,17.39,27432.0,0.63
230,2011_OREGON,OREGON,2011,559631,6317635,13728.0,1050098,3868229,11289.0,14.47,76493.0,0.35
231,2011_PENNSYLVANIA,PENNSYLVANIA,2011,1670854,28810721,49710.0,3236484,12743948,17243.0,13.11,65107.0,0.39
232,2011_TENNESSEE,TENNESSEE,2011,986382,8961443,19831.0,1018197,6399787,9085.0,15.41,51344.0,0.31
233,2011_TEXAS,TEXAS,2011,4800196,52691826,159956.0,5832698,25631778,10977.0,18.73,36464.0,0.62
234,2011_UTAH,UTAH,2011,545395,4195916,5294.0,497248,2814347,7693.0,19.38,93927.0,0.19
235,2011_VERMONT,VERMONT,2011,86982,1722515,2053.0,126422,626592,19803.0,13.88,61579.0,0.33
236,2011_VIRGINIA,VIRGINIA,2011,1250852,14675815,30531.0,2147621,8104384,11733.0,15.43,70342.0,0.38
237,2011_WASHINGTON,WASHINGTON,2011,1042979,11928408,17109.0,1595452,6823267,11437.0,15.29,93252.0,0.25
238,2011_WISCONSIN,WISCONSIN,2011,864251,11440718,22388.0,1543626,5709843,13238.0,15.14,68949.0,0.39
239,2011_WYOMING,WYOMING,2011,88165,1656850,2162.0,201929,567356,18793.0,15.54,93399.0,0.38
240,2012_ALABAMA,ALABAMA,2012,744621,7222161,26768.0,711823,4817528,9699.0,15.46,26592.0,0.56
241,2012_ALASKA,ALASKA,2012,130771,2483320,6308.0,316239,730307,18990.0,17.91,50133.0,0.86
242,2012_ARIZONA,ARIZONA,2012,942738,8054662,40013.0,1544480,6551149,8544.0,14.39,38599.0,0.61
243,2012_ARKANSAS,ARKANSAS,2012,475671,5299969,14043.0,558134,2949828,11142.0,16.13,39745.0,0.48
244,2012_CALIFORNIA,CALIFORNIA,2012,6203034,70191877,132935.0,13691104,37999878,11316.0,16.32,102991.0,0.35
245,2012_COLORADO,COLORADO,2012,843120,8472536,20328.0,1243601,5189458,10049.0,16.25,61177.0,0.39
246,2012_CONNECTICUT,CONNECTICUT,2012,522451,9791336,17164.0,684889,3591765,18741.0,14.55,39903.0,0.48
247,2012_DELAWARE,DELAWARE,2012,118624,1915966,6730.0,282052,917053,16152.0,12.94,41910.0,0.73
248,2012_FLORIDA,FLORIDA,2012,2658559,25352047,99835.0,4065514,19320749,9536.0,13.76,40722.0,0.52
249,2012_GEORGIA,GEORGIA,2012,1669156,17400209,55178.0,2330927,9915646,10425.0,16.83,42244.0,0.56
250,2012_HAWAII,HAWAII,2012,182706,2344733,5297.0,198207,1390090,12833.0,13.14,37419.0,0.38
251,2012_IDAHO,IDAHO,2012,267556,1911706,7715.0,304877,1595590,7145.0,16.77,39517.0,0.48
252,2012_ILLINOIS,ILLINOIS,2012,2071481,29067543,49348.0,2062068,12868192,14032.0,16.1,41786.0,0.38
253,2012_INDIANA,INDIANA,2012,1006627,11351906,28034.0,958650,6537782,11277.0,15.4,34196.0,0.43
254,2012_IOWA,IOWA,2012,495870,6256926,8735.0,522885,3075039,12618.0,16.13,59861.0,0.28
255,2012_KANSAS,KANSAS,2012,485591,5615714,9505.0,480617,2885398,11565.0,16.83,50565.0,0.33
256,2012_KENTUCKY,KENTUCKY,2012,681827,7444529,12998.0,738949,4379730,10919.0,15.57,56851.0,0.3
257,2012_LOUISIANA,LOUISIANA,2012,665478,8504567,18601.0,1329243,4602134,12780.0,14.46,71461.0,0.4
258,2012_MAINE,MAINE,2012,187247,2625759,1977.0,193735,1328501,14023.0,14.09,97994.0,0.15
259,2012_MARYLAND,MARYLAND,2012,853778,13212140,21810.0,1749707,5884868,15475.0,14.51,80225.0,0.37
260,2012_MASSACHUSETTS,MASSACHUSETTS,2012,922683,15696061,11127.0,1056190,6645303,17011.0,13.88,94921.0,0.17
261,2012_MICHIGAN,MICHIGAN,2012,1421312,18063824,43594.0,2245657,9882519,12709.0,14.38,51513.0,0.44
262,2012_MINNESOTA,MINNESOTA,2012,799736,10696348,9421.0,863920,5379646,13375.0,14.87,91702.0,0.18
263,2012_MISSISSIPPI,MISSISSIPPI,2012,490619,4423270,15791.0,558273,2986450,9016.0,16.43,35354.0,0.53
264,2012_MISSOURI,MISSOURI,2012,893221,9910617,31205.0,862170,6024522,11095.0,14.83,27629.0,0.52
265,2012_MONTANA,MONTANA,2012,142237,1652537,3095.0,237556,1005494,11618.0,14.15,76755.0,0.31
266,2012_NEBRASKA,NEBRASKA,2012,300941,3880517,4721.0,361679,1855350,12895.0,16.22,76611.0,0.25
267,2012_NEVADA,NEVADA,2012,428526,4109706,12594.0,704917,2754354,9590.0,15.56,55972.0,0.46
268,2012_OHIO,OHIO,2012,1630865,22662376,50872.0,1819327,11553031,13896.0,14.12,35763.0,0.44
269,2012_OKLAHOMA,OKLAHOMA,2012,664200,5594867,24370.0,680777,3815780,8423.0,17.41,27935.0,0.64
270,2012_OREGON,OREGON,2012,566525,6314092,14123.0,1070641,3899801,11145.0,14.53,75808.0,0.36
271,2012_PENNSYLVANIA,PENNSYLVANIA,2012,1644759,27851918,50228.0,3303388,12764475,16934.0,12.89,65768.0,0.39
272,2012_TENNESSEE,TENNESSEE,2012,998638,9256522,19817.0,1048733,6454914,9269.0,15.47,52921.0,0.31
273,2012_TEXAS,TEXAS,2012,4844744,50215314,155195.0,5482193,26060796,10365.0,18.59,35325.0,0.6
274,2012_UTAH,UTAH,2012,553873,4330417,5309.0,517998,2854871,7818.0,19.4,97570.0,0.19
275,2012_VERMONT,VERMONT,2012,87968,1726321,2034.0,125873,625953,19624.0,14.05,61884.0,0.32
276,2012_VIRGINIA,VIRGINIA,2012,1257332,15129464,29708.0,2183660,8186628,12033.0,15.36,73504.0,0.36
277,2012_WASHINGTON,WASHINGTON,2012,1044856,12187889,16919.0,1559392,6895318,11665.0,15.15,92168.0,0.25
278,2012_WISCONSIN,WISCONSIN,2012,863314,10724377,22419.0,1545438,5724554,12422.0,15.08,68934.0,0.39
279,2012_WYOMING,WYOMING,2012,89994,1670728,2187.0,215414,576626,18565.0,15.61,98497.0,0.38
280,2013_ALABAMA,ALABAMA,2013,744548,7487741,26825.0,698906,4833996,10057.0,15.4,26054.0,0.55
281,2013_ALASKA,ALASKA,2013,131091,2665933,5081.0,339966,737259,20337.0,17.78,66909.0,0.69
282,2013_ARIZONA,ARIZONA,2013,941726,7600581,41031.0,1644788,6634997,8071.0,14.19,40086.0,0.62
283,2013_ARKANSAS,ARKANSAS,2013,477716,5226339,14295.0,555466,2958765,10940.0,16.15,38857.0,0.48
284,2013_CALIFORNIA,CALIFORNIA,2013,6208733,69727119,134339.0,13054893,38431393,11230.0,16.16,97179.0,0.35
285,2013_COLORADO,COLORADO,2013,851063,8699125,20184.0,1186992,5272086,10221.0,16.14,58809.0,0.38
286,2013_CONNECTICUT,CONNECTICUT,2013,517812,9758850,17319.0,658973,3599341,18846.0,14.39,38049.0,0.48
287,2013_DELAWARE,DELAWARE,2013,118685,1924626,6798.0,282015,925240,16216.0,12.83,41485.0,0.73
288,2013_FLORIDA,FLORIDA,2013,2680074,25245400,100940.0,3917389,19600311,9420.0,13.67,38809.0,0.51
289,2013_GEORGIA,GEORGIA,2013,1682620,17317504,53701.0,2280274,9994759,10292.0,16.84,42462.0,0.54
290,2013_HAWAII,HAWAII,2013,184760,2345917,5173.0,200984,1408987,12697.0,13.11,38853.0,0.37
291,2013_IDAHO,IDAHO,2013,272070,1967676,7219.0,315989,1612843,7232.0,16.87,43772.0,0.45
292,2013_ILLINOIS,ILLINOIS,2013,2069823,29517831,48653.0,2018277,12890552,14261.0,16.06,41483.0,0.38
293,2013_INDIANA,INDIANA,2013,1002772,11211155,28495.0,996562,6570713,11180.0,15.26,34973.0,0.43
294,2013_IOWA,IOWA,2013,499489,6318241,8707.0,477867,3092341,12649.0,16.15,54883.0,0.28
295,2013_KANSAS,KANSAS,2013,488590,5621023,9610.0,516076,2895801,11505.0,16.87,53702.0,0.33
296,2013_KENTUCKY,KENTUCKY,2013,685009,7413896,12141.0,750773,4399583,10823.0,15.57,61838.0,0.28
297,2013_LOUISIANA,LOUISIANA,2013,671156,7940880,18794.0,1337378,4629284,11832.0,14.5,71160.0,0.41
298,2013_MAINE,MAINE,2013,184682,2535405,2073.0,189548,1328702,13728.0,13.9,91437.0,0.16
299,2013_MARYLAND,MARYLAND,2013,859252,13284637,21705.0,1768226,5938737,15461.0,14.47,81466.0,0.37
300,2013_MASSACHUSETTS,MASSACHUSETTS,2013,920968,16201905,10622.0,1095858,6708874,17592.0,13.73,103169.0,0.16
301,2013_MICHIGAN,MICHIGAN,2013,1381167,17468264,43704.0,2511279,9898193,12647.0,13.95,57461.0,0.44
302,2013_MINNESOTA,MINNESOTA,2013,802454,10942019,9391.0,876338,5422060,13636.0,14.8,93317.0,0.17
303,2013_MISSISSIPPI,MISSISSIPPI,2013,492847,4370050,15591.0,524341,2992206,8867.0,16.47,33631.0,0.52
304,2013_MISSOURI,MISSOURI,2013,897224,10001763,31499.0,883435,6044917,11147.0,14.84,28046.0,0.52
305,2013_MONTANA,MONTANA,2013,142797,1679521,3125.0,240476,1014864,11762.0,14.07,76952.0,0.31
306,2013_NEBRASKA,NEBRASKA,2013,303242,3913038,5012.0,364200,1868969,12904.0,16.23,72666.0,0.27
307,2013_NEVADA,NEVADA,2013,431776,4057443,12789.0,688780,2791494,9397.0,15.47,53857.0,0.46
308,2013_OHIO,OHIO,2013,1613718,22015797,51711.0,1839580,11572005,13643.0,13.95,35574.0,0.45
309,2013_OKLAHOMA,OKLAHOMA,2013,671445,5796945,25364.0,724718,3853118,8634.0,17.43,28573.0,0.66
310,2013_OREGON,OREGON,2013,564006,6228197,14605.0,1062420,3928068,11043.0,14.36,72744.0,0.37
311,2013_PENNSYLVANIA,PENNSYLVANIA,2013,1623694,28495118,49971.0,3433015,12781296,17550.0,12.7,68700.0,0.39
312,2013_TENNESSEE,TENNESSEE,2013,992461,9248235,20758.0,1067268,6497269,9318.0,15.28,51415.0,0.32
313,2013_TEXAS,TEXAS,2013,4897523,50674724,155377.0,5558371,26505637,10347.0,18.48,35773.0,0.59
314,2013_UTAH,UTAH,2013,562315,4584624,5382.0,514990,2902787,8153.0,19.37,95687.0,0.19
315,2013_VERMONT,VERMONT,2013,89200,1809138,2078.0,135285,626855,20282.0,14.23,65103.0,0.33
316,2013_VIRGINIA,VIRGINIA,2013,1264880,15634918,29985.0,2260559,8270345,12361.0,15.29,75390.0,0.36
317,2013_WASHINGTON,WASHINGTON,2013,1050901,12097549,17760.0,1547070,6973742,11512.0,15.07,87110.0,0.25
318,2013_WISCONSIN,WISCONSIN,2013,863737,10845059,22443.0,1475862,5742953,12556.0,15.04,65760.0,0.39
319,2013_WYOMING,WYOMING,2013,91533,1675477,2288.0,213000,583223,18305.0,15.69,93094.0,0.39
320,2014_ALABAMA,ALABAMA,2014,740081,7587737,26145.0,713432,4849377,10253.0,15.26,27288.0,0.54
321,2014_ALASKA,ALASKA,2014,130539,2727056,6323.0,342152,736732,20891.0,17.72,54112.0,0.86
322,2014_ARIZONA,ARIZONA,2014,943937,8109460,42136.0,1651930,6731484,8591.0,14.02,39205.0,0.63
323,2014_ARKANSAS,ARKANSAS,2014,479881,5242672,15250.0,566911,2966369,10925.0,16.18,37174.0,0.51
324,2014_CALIFORNIA,CALIFORNIA,2014,6224685,72506810,134430.0,14343228,38802500,11648.0,16.04,106697.0,0.35
325,2014_COLORADO,COLORADO,2014,865231,9286626,20469.0,1252486,5355866,10733.0,16.15,61189.0,0.38
326,2014_CONNECTICUT,CONNECTICUT,2014,511082,10201500,16814.0,694262,3596677,19961.0,14.21,41291.0,0.47
327,2014_DELAWARE,DELAWARE,2014,120623,1988535,6730.0,294075,935614,16486.0,12.89,43696.0,0.72
328,2014_FLORIDA,FLORIDA,2014,2708022,26523658,100873.0,4014608,19893297,9794.0,13.61,39799.0,0.51
329,2014_GEORGIA,GEORGIA,2014,1699185,17668352,52719.0,2221182,10097343,10398.0,16.83,42132.0,0.52
330,2014_HAWAII,HAWAII,2014,186825,2504144,5390.0,216708,1419561,13404.0,13.16,40206.0,0.38
331,2014_IDAHO,IDAHO,2014,281452,2012852,7497.0,321405,1634464,7152.0,17.22,42871.0,0.46
332,2014_ILLINOIS,ILLINOIS,2014,2060632,31080869,48278.0,2106787,12880580,15083.0,16.0,43639.0,0.37
333,2014_INDIANA,INDIANA,2014,1007121,11136045,32493.0,1032574,6596855,11057.0,15.27,31778.0,0.49
334,2014_IOWA,IOWA,2014,501763,6541553,8845.0,447878,3107126,13037.0,16.15,50636.0,0.28
335,2014_KANSAS,KANSAS,2014,496034,5957954,9539.0,500368,2904021,12011.0,17.08,52455.0,0.33
336,2014_KENTUCKY,KENTUCKY,2014,686789,7346219,12114.0,774821,4413457,10696.0,15.56,63961.0,0.27
337,2014_LOUISIANA,LOUISIANA,2014,665441,8140649,18710.0,1216799,4649676,12233.0,14.31,65035.0,0.4
338,2014_MAINE,MAINE,2014,178709,2550302,2199.0,198630,1330089,14271.0,13.44,90327.0,0.17
339,2014_MARYLAND,MARYLAND,2014,865768,13712839,21266.0,1791082,5976407,15839.0,14.49,84223.0,0.36
340,2014_MASSACHUSETTS,MASSACHUSETTS,2014,920558,16518383,10447.0,1137031,6745408,17944.0,13.65,108838.0,0.15
341,2014_MICHIGAN,MICHIGAN,2014,1363533,17358365,43359.0,2525434,9909877,12730.0,13.76,58245.0,0.44
342,2014_MINNESOTA,MINNESOTA,2014,804580,11300786,9576.0,902529,5457173,14046.0,14.74,94249.0,0.18
343,2014_MISSISSIPPI,MISSISSIPPI,2014,492421,4463078,13069.0,505137,2994079,9064.0,16.45,38652.0,0.44
344,2014_MISSOURI,MISSOURI,2014,892992,10324249,31903.0,966789,6063589,11561.0,14.73,30304.0,0.53
345,2014_MONTANA,MONTANA,2014,144034,1754324,3119.0,243765,1023579,12180.0,14.07,78155.0,0.3
346,2014_NEBRASKA,NEBRASKA,2014,307398,4008633,5228.0,402579,1881503,13041.0,16.34,77004.0,0.28
347,2014_NEVADA,NEVADA,2014,435765,4043820,12693.0,693289,2839099,9280.0,15.35,54620.0,0.45
348,2014_OHIO,OHIO,2014,1601566,21847582,51521.0,1859739,11594163,13641.0,13.81,36097.0,0.44
349,2014_OKLAHOMA,OKLAHOMA,2014,670069,6026661,26493.0,751657,3878051,8994.0,17.28,28372.0,0.68
350,2014_OREGON,OREGON,2014,566538,6453635,14492.0,1128502,3970239,11391.0,14.27,77871.0,0.37
351,2014_PENNSYLVANIA,PENNSYLVANIA,2014,1605292,28620630,49174.0,3298663,12787209,17829.0,12.55,67081.0,0.38
352,2014_TENNESSEE,TENNESSEE,2014,992583,9432883,20815.0,1164327,6549352,9503.0,15.16,55937.0,0.32
353,2014_TEXAS,TEXAS,2014,4949469,53096761,154247.0,5696663,26956958,10728.0,18.36,36932.0,0.57
354,2014_UTAH,UTAH,2014,570423,4385896,5307.0,539588,2942902,7689.0,19.38,101675.0,0.18
355,2014_VERMONT,VERMONT,2014,87990,1876197,1979.0,137879,626562,21323.0,14.04,69671.0,0.32
356,2014_VIRGINIA,VIRGINIA,2014,1273211,15690444,30050.0,2410245,8326289,12324.0,15.29,80208.0,0.36
357,2014_WASHINGTON,WASHINGTON,2014,1057773,12806300,17180.0,1604255,7061530,12107.0,14.98,93379.0,0.24
358,2014_WISCONSIN,WISCONSIN,2014,865119,11255186,22572.0,1507528,5757564,13010.0,15.03,66788.0,0.39
359,2014_WYOMING,WYOMING,2014,92732,1775999,2369.0,210034,584153,19152.0,15.87,88659.0,0.41
360,2015_ALABAMA,ALABAMA,2015,734974,7501799,25212.0,742594,4858979,10207.0,15.13,29454.0,0.52
361,2015_ALASKA,ALASKA,2015,130755,2968341,5247.0,346872,738432,22702.0,17.71,66109.0,0.71
362,2015_ARIZONA,ARIZONA,2015,944978,7902600,42204.0,1708409,6828065,8363.0,13.84,40480.0,0.62
363,2015_ARKANSAS,ARKANSAS,2015,479682,5350543,15784.0,587690,2978204,11154.0,16.11,37233.0,0.53
364,2015_CALIFORNIA,CALIFORNIA,2015,6226523,78365958,127815.0,15275175,39144818,12586.0,15.91,119510.0,0.33
365,2015_COLORADO,COLORADO,2015,872320,9557682,19959.0,1316236,5456574,10957.0,15.99,65947.0,0.37
366,2015_CONNECTICUT,CONNECTICUT,2015,505366,10542667,16024.0,699051,3590886,20861.0,14.07,43625.0,0.45
367,2015_DELAWARE,DELAWARE,2015,121845,1975093,6437.0,302261,945934,16210.0,12.88,46957.0,0.68
368,2015_FLORIDA,FLORIDA,2015,2743641,27277049,99485.0,4125808,20271272,9942.0,13.53,41472.0,0.49
369,2015_GEORGIA,GEORGIA,2015,1717805,18501103,52002.0,2278830,10214860,10770.0,16.82,43822.0,0.51
370,2015_HAWAII,HAWAII,2015,182384,2521004,5413.0,217301,1431603,13823.0,12.74,40144.0,0.38
371,2015_IDAHO,IDAHO,2015,274131,2029520,7238.0,340056,1654930,7403.0,16.56,46982.0,0.44
372,2015_ILLINOIS,ILLINOIS,2015,2047123,32410033,46240.0,2254133,12859995,15832.0,15.92,48749.0,0.36
373,2015_INDIANA,INDIANA,2015,1004215,11378564,26586.0,1020450,6619680,11331.0,15.17,38383.0,0.4
374,2015_IOWA,IOWA,2015,505311,6772654,8864.0,443845,3123899,13403.0,16.18,50073.0,0.28
375,2015_KANSAS,KANSAS,2015,496920,6175724,9533.0,513474,2911641,12428.0,17.07,53863.0,0.33
376,2015_KENTUCKY,KENTUCKY,2015,688475,7554887,11959.0,797319,4425092,10973.0,15.56,66671.0,0.27
377,2015_LOUISIANA,LOUISIANA,2015,661015,8437263,18447.0,1138255,4670724,12764.0,14.15,61704.0,0.39
378,2015_MAINE,MAINE,2015,176176,2596180,2190.0,210657,1329328,14736.0,13.25,96190.0,0.16
379,2015_MARYLAND,MARYLAND,2015,874108,13882823,20951.0,1864705,6006401,15882.0,14.55,89003.0,0.35
380,2015_MASSACHUSETTS,MASSACHUSETTS,2015,916130,16972319,9493.0,1102746,6794422,18526.0,13.48,116164.0,0.14
381,2015_MICHIGAN,MICHIGAN,2015,1345009,17742903,42628.0,2496266,9922576,13192.0,13.56,58559.0,0.43
382,2015_MINNESOTA,MINNESOTA,2015,807044,11969872,9578.0,939218,5489594,14832.0,14.7,98060.0,0.17
383,2015_MISSISSIPPI,MISSISSIPPI,2015,490189,4624539,13967.0,497701,2992333,9434.0,16.38,35634.0,0.47
384,2015_MISSOURI,MISSOURI,2015,892779,10540353,32295.0,953771,6083672,11806.0,14.68,29533.0,0.53
385,2015_MONTANA,MONTANA,2015,144447,1804841,3176.0,268128,1032949,12495.0,13.98,84423.0,0.31
386,2015_NEBRASKA,NEBRASKA,2015,312281,4283846,5133.0,471788,1896190,13718.0,16.47,91913.0,0.27
387,2015_NEVADA,NEVADA,2015,438948,4183085,13235.0,678562,2890845,9530.0,15.18,51270.0,0.46
388,2015_OHIO,OHIO,2015,1600222,22561728,52240.0,1971480,11613423,14099.0,13.78,37739.0,0.45
389,2015_OKLAHOMA,OKLAHOMA,2015,671715,6184819,27321.0,746089,3911338,9208.0,17.17,27308.0,0.7
390,2015_OREGON,OREGON,2015,570376,7011609,14655.0,1129757,4028977,12293.0,14.16,77090.0,0.36
391,2015_PENNSYLVANIA,PENNSYLVANIA,2015,1589429,29690645,48846.0,3416695,12802503,18680.0,12.41,69948.0,0.38
392,2015_TENNESSEE,TENNESSEE,2015,994530,9562527,19800.0,1161777,6600299,9615.0,15.07,58676.0,0.3
393,2015_TEXAS,TEXAS,2015,5004866,56255791,152492.0,5831665,27469114,11240.0,18.22,38242.0,0.56
394,2015_UTAH,UTAH,2015,573913,4537962,4831.0,528622,2995919,7907.0,19.16,109423.0,0.16
395,2015_VERMONT,VERMONT,2015,85184,1969415,1750.0,143436,626042,23120.0,13.61,81963.0,0.28
396,2015_VIRGINIA,VIRGINIA,2015,1279867,16113212,30430.0,2472309,8382993,12590.0,15.27,81246.0,0.36
397,2015_WASHINGTON,WASHINGTON,2015,1072359,13630138,17222.0,1677560,7170351,12710.0,14.96,97408.0,0.24
398,2015_WISCONSIN,WISCONSIN,2015,861813,11553677,22914.0,1540158,5771337,13406.0,14.93,67215.0,0.4
399,2015_WYOMING,WYOMING,2015,93867,1942406,2400.0,213887,586107,20693.0,16.02,89120.0,0.41
400,2016_ALABAMA,ALABAMA,2016,734652,7708845,23745.0,722269,4860545,10493.0,15.11,30418.0,0.49
401,2016_ALASKA,ALASKA,2016,132477,2623014,4378.0,338266,741522,19800.0,17.87,77265.0,0.59
402,2016_ARIZONA,ARIZONA,2016,938274,7987011,42248.0,1684710,6908642,8512.0,13.58,39877.0,0.61
403,2016_ARKANSAS,ARKANSAS,2016,479177,5434193,15833.0,597459,2988231,11341.0,16.04,37735.0,0.53
404,2016_CALIFORNIA,CALIFORNIA,2016,6217031,85320133,129416.0,15468283,39296476,13724.0,15.82,119524.0,0.33
405,2016_COLORADO,COLORADO,2016,880678,9878524,19486.0,1313095,5530105,11217.0,15.93,67387.0,0.35
406,2016_CONNECTICUT,CONNECTICUT,2016,499494,10826431,15040.0,684159,3587685,21675.0,13.92,45489.0,0.42
407,2016_DELAWARE,DELAWARE,2016,121225,2041952,6334.0,308341,952698,16844.0,12.72,48680.0,0.66
408,2016_FLORIDA,FLORIDA,2016,2776933,27945116,98010.0,4248590,20656589,10063.0,13.44,43349.0,0.47
409,2016_GEORGIA,GEORGIA,2016,1727085,19158388,53433.0,1919567,10313620,11093.0,16.75,35925.0,0.52
410,2016_HAWAII,HAWAII,2016,181995,2733094,5182.0,217459,1428683,15017.0,12.74,41964.0,0.36
411,2016_IDAHO,IDAHO,2016,274849,2100980,7221.0,342718,1680026,7644.0,16.36,47461.0,0.43
412,2016_ILLINOIS,ILLINOIS,2016,2030717,33037244,43616.0,1852278,12835726,16269.0,15.82,42468.0,0.34
413,2016_INDIANA,INDIANA,2016,1002696,11535287,25143.0,1158724,6634007,11504.0,15.11,46085.0,0.38
414,2016_IOWA,IOWA,2016,508014,6972412,9049.0,444268,3130869,13725.0,16.23,49096.0,0.29
415,2016_KANSAS,KANSAS,2016,495545,6134836,9653.0,515617,2907731,12380.0,17.04,53415.0,0.33
416,2016_KENTUCKY,KENTUCKY,2016,686440,7786281,11867.0,903548,4436113,11343.0,15.47,76140.0,0.27
417,2016_LOUISIANA,LOUISIANA,2016,660561,8248660,15059.0,1138415,4686157,12487.0,14.1,75597.0,0.32
418,2016_MAINE,MAINE,2016,179879,2706103,2356.0,264125,1330232,15044.0,13.52,112107.0,0.18
419,2016_MARYLAND,MARYLAND,2016,879196,13992191,20236.0,1899302,6024752,15915.0,14.59,93858.0,0.34
420,2016_MASSACHUSETTS,MASSACHUSETTS,2016,921029,17037880,9038.0,1119463,6823721,18499.0,13.5,123862.0,0.13
421,2016_MICHIGAN,MICHIGAN,2016,1335713,18001445,41122.0,2521274,9933445,13477.0,13.45,61312.0,0.41
422,2016_MINNESOTA,MINNESOTA,2016,811157,12848946,9509.0,1012828,5525050,15840.0,14.68,106513.0,0.17
423,2016_MISSISSIPPI,MISSISSIPPI,2016,486245,4631356,13720.0,497882,2985415,9525.0,16.29,36289.0,0.46
424,2016_MISSOURI,MISSOURI,2016,891554,10719882,32427.0,960445,6091176,12024.0,14.64,29619.0,0.53
425,2016_MONTANA,MONTANA,2016,145240,1879789,3199.0,257564,1038656,12943.0,13.98,80514.0,0.31
426,2016_NEBRASKA,NEBRASKA,2016,315542,4640422,5167.0,499504,1907603,14706.0,16.54,96672.0,0.27
427,2016_NEVADA,NEVADA,2016,441623,4374249,13932.0,711775,2939254,9905.0,15.03,51089.0,0.47
428,2016_OHIO,OHIO,2016,1595024,23352516,52172.0,2006589,11622554,14641.0,13.72,38461.0,0.45
429,2016_OKLAHOMA,OKLAHOMA,2016,672777,6184152,26367.0,752146,3921207,9192.0,17.16,28526.0,0.67
430,2016_OREGON,OREGON,2016,574252,7501954,14579.0,1216267,4085989,13064.0,14.05,83426.0,0.36
431,2016_PENNSYLVANIA,PENNSYLVANIA,2016,1572593,30925177,48287.0,3515548,12787085,19665.0,12.3,72805.0,0.38
432,2016_TENNESSEE,TENNESSEE,2016,999265,9680512,21539.0,1175629,6649404,9688.0,15.03,54581.0,0.32
433,2016_TEXAS,TEXAS,2016,5053291,59314884,151276.0,5921011,27904862,11738.0,18.11,39140.0,0.54
434,2016_UTAH,UTAH,2016,580215,4923657,4502.0,526556,3044321,8486.0,19.06,116960.0,0.15
435,2016_VERMONT,VERMONT,2016,87974,2082696,1735.0,137103,623354,23674.0,14.11,79022.0,0.28
436,2016_VIRGINIA,VIRGINIA,2016,1283493,16497520,29882.0,2560724,8414380,12854.0,15.25,85695.0,0.36
437,2016_WASHINGTON,WASHINGTON,2016,1083973,15253296,17228.0,1727579,7280934,14072.0,14.89,100277.0,0.24
438,2016_WISCONSIN,WISCONSIN,2016,857736,11787535,23163.0,1553919,5772917,13743.0,14.86,67086.0,0.4
439,2016_WYOMING,WYOMING,2016,94511,2034229,2352.0,214564,584910,21524.0,16.16,91226.0,0.4
