,state,year,prisoner_count,state_population,year_state
256,ALABAMA,2006.0,24103.0,4599030,2006_ALABAMA
257,ALASKA,2006.0,5052.0,670053,2006_ALASKA
258,ARIZONA,2006.0,35752.0,6166318,2006_ARIZONA
259,ARKANSAS,2006.0,12854.0,2810872,2006_ARKANSAS
260,CALIFORNIA,2006.0,172298.0,36457549,2006_CALIFORNIA
261,COLORADO,2006.0,22051.0,4753377,2006_COLORADO
262,CONNECTICUT,2006.0,18902.0,3504809,2006_CONNECTICUT
263,DELAWARE,2006.0,7021.0,853476,2006_DELAWARE
264,FLORIDA,2006.0,90377.0,18089888,2006_FLORIDA
265,GEORGIA,2006.0,52792.0,9363941,2006_GEORGIA
266,HAWAII,2006.0,5510.0,1285498,2006_HAWAII
267,IDAHO,2006.0,6665.0,1466465,2006_IDAHO
268,ILLINOIS,2006.0,45106.0,12831970,2006_ILLINOIS
269,INDIANA,2006.0,24901.0,6313520,2006_INDIANA
270,IOWA,2006.0,8838.0,2982085,2006_IOWA
271,KANSAS,2006.0,8833.0,2764075,2006_KANSAS
272,KENTUCKY,2006.0,15589.0,4206074,2006_KENTUCKY
273,LOUISIANA,2006.0,20815.0,4287768,2006_LOUISIANA
274,MAINE,2006.0,2083.0,1321574,2006_MAINE
275,MARYLAND,2006.0,22662.0,5615727,2006_MARYLAND
276,MASSACHUSETTS,2006.0,10773.0,6437193,2006_MASSACHUSETTS
277,MICHIGAN,2006.0,51515.0,10095643,2006_MICHIGAN
278,MINNESOTA,2006.0,8814.0,5167101,2006_MINNESOTA
279,MISSISSIPPI,2006.0,16384.0,2910540,2006_MISSISSIPPI
280,MISSOURI,2006.0,30116.0,5842713,2006_MISSOURI
281,MONTANA,2006.0,2948.0,944632,2006_MONTANA
282,NEBRASKA,2006.0,4399.0,1768331,2006_NEBRASKA
283,NEVADA,2006.0,12754.0,2495529,2006_NEVADA
284,NEW HAMPSHIRE,2006.0,2676.0,1314895,2006_NEW HAMPSHIRE
285,NEW JERSEY,2006.0,25554.0,8724560,2006_NEW JERSEY
286,NEW MEXICO,2006.0,6639.0,1954599,2006_NEW MEXICO
287,NEW YORK,2006.0,63538.0,19306183,2006_NEW YORK
288,NORTH CAROLINA,2006.0,37725.0,8856505,2006_NORTH CAROLINA
289,NORTH DAKOTA,2006.0,1337.0,635867,2006_NORTH DAKOTA
290,OHIO,2006.0,48482.0,11478006,2006_OHIO
291,OKLAHOMA,2006.0,22873.0,3579212,2006_OKLAHOMA
292,OREGON,2006.0,13191.0,3700758,2006_OREGON
293,PENNSYLVANIA,2006.0,43971.0,12440621,2006_PENNSYLVANIA
294,RHODE ISLAND,2006.0,3713.0,1067610,2006_RHODE ISLAND
295,SOUTH CAROLINA,2006.0,22930.0,4321249,2006_SOUTH CAROLINA
296,SOUTH DAKOTA,2006.0,3316.0,781919,2006_SOUTH DAKOTA
297,TENNESSEE,2006.0,19312.0,6038803,2006_TENNESSEE
298,TEXAS,2006.0,158510.0,23507783,2006_TEXAS
299,UTAH,2006.0,5031.0,2550063,2006_UTAH
300,VERMONT,2006.0,2215.0,623908,2006_VERMONT
301,VIRGINIA,2006.0,30823.0,7642884,2006_VIRGINIA
302,WASHINGTON,2006.0,16827.0,6395798,2006_WASHINGTON
303,WEST VIRGINIA,2006.0,4367.0,1818470,2006_WEST VIRGINIA
304,WISCONSIN,2006.0,22564.0,5556506,2006_WISCONSIN
305,WYOMING,2006.0,2035.0,515004,2006_WYOMING
307,ALABAMA,2007.0,25253.0,4627851,2007_ALABAMA
308,ALASKA,2007.0,5151.0,683478,2007_ALASKA
309,ARIZONA,2007.0,37700.0,6338755,2007_ARIZONA
310,ARKANSAS,2007.0,13275.0,2834797,2007_ARKANSAS
311,CALIFORNIA,2007.0,171444.0,36553215,2007_CALIFORNIA
312,COLORADO,2007.0,22666.0,4861515,2007_COLORADO
313,CONNECTICUT,2007.0,19438.0,3502309,2007_CONNECTICUT
314,DELAWARE,2007.0,7110.0,864764,2007_DELAWARE
315,FLORIDA,2007.0,95187.0,18251243,2007_FLORIDA
316,GEORGIA,2007.0,54256.0,9544750,2007_GEORGIA
317,HAWAII,2007.0,5457.0,1283388,2007_HAWAII
318,IDAHO,2007.0,7055.0,1499402,2007_IDAHO
319,ILLINOIS,2007.0,45215.0,12852548,2007_ILLINOIS
320,INDIANA,2007.0,25137.0,6345289,2007_INDIANA
321,IOWA,2007.0,8692.0,2988046,2007_IOWA
322,KANSAS,2007.0,8721.0,2775997,2007_KANSAS
323,KENTUCKY,2007.0,15364.0,4241474,2007_KENTUCKY
324,LOUISIANA,2007.0,20461.0,4293204,2007_LOUISIANA
325,MAINE,2007.0,2148.0,1317207,2007_MAINE
326,MARYLAND,2007.0,23184.0,5618344,2007_MARYLAND
327,MASSACHUSETTS,2007.0,11071.0,6449755,2007_MASSACHUSETTS
328,MICHIGAN,2007.0,50233.0,10071822,2007_MICHIGAN
329,MINNESOTA,2007.0,9192.0,5197621,2007_MINNESOTA
330,MISSISSIPPI,2007.0,17478.0,2918785,2007_MISSISSIPPI
331,MISSOURI,2007.0,29823.0,5878415,2007_MISSOURI
332,MONTANA,2007.0,2909.0,957861,2007_MONTANA
333,NEBRASKA,2007.0,4402.0,1774571,2007_NEBRASKA
334,NEVADA,2007.0,13311.0,2565382,2007_NEVADA
335,NEW HAMPSHIRE,2007.0,2759.0,1315828,2007_NEW HAMPSHIRE
336,NEW JERSEY,2007.0,25354.0,8685920,2007_NEW JERSEY
337,NEW MEXICO,2007.0,6429.0,1969915,2007_NEW MEXICO
338,NEW YORK,2007.0,62738.0,19297729,2007_NEW YORK
339,NORTH CAROLINA,2007.0,38240.0,9061032,2007_NORTH CAROLINA
340,NORTH DAKOTA,2007.0,1392.0,639715,2007_NORTH DAKOTA
341,OHIO,2007.0,49894.0,11466917,2007_OHIO
342,OKLAHOMA,2007.0,23778.0,3617316,2007_OKLAHOMA
343,OREGON,2007.0,13373.0,3747455,2007_OREGON
344,PENNSYLVANIA,2007.0,45530.0,12432792,2007_PENNSYLVANIA
345,RHODE ISLAND,2007.0,3745.0,1057832,2007_RHODE ISLAND
346,SOUTH CAROLINA,2007.0,23578.0,4407709,2007_SOUTH CAROLINA
347,SOUTH DAKOTA,2007.0,3276.0,796214,2007_SOUTH DAKOTA
348,TENNESSEE,2007.0,19268.0,6156719,2007_TENNESSEE
349,TEXAS,2007.0,158576.0,23904380,2007_TEXAS
350,UTAH,2007.0,5165.0,2645330,2007_UTAH
351,VERMONT,2007.0,2116.0,621254,2007_VERMONT
352,VIRGINIA,2007.0,32977.0,7712091,2007_VIRGINIA
353,WASHINGTON,2007.0,16911.0,6468424,2007_WASHINGTON
354,WEST VIRGINIA,2007.0,4907.0,1812035,2007_WEST VIRGINIA
355,WISCONSIN,2007.0,22839.0,5601640,2007_WISCONSIN
356,WYOMING,2007.0,1927.0,522830,2007_WYOMING
358,ALABAMA,2008.0,25363.0,4661900,2008_ALABAMA
359,ALASKA,2008.0,4997.0,686293,2008_ALASKA
360,ARIZONA,2008.0,39455.0,6500180,2008_ARIZONA
361,ARKANSAS,2008.0,13135.0,2855390,2008_ARKANSAS
362,CALIFORNIA,2008.0,171085.0,36756666,2008_CALIFORNIA
363,COLORADO,2008.0,23211.0,4939456,2008_COLORADO
364,CONNECTICUT,2008.0,19905.0,3501252,2008_CONNECTICUT
365,DELAWARE,2008.0,6944.0,873092,2008_DELAWARE
366,FLORIDA,2008.0,99878.0,18328340,2008_FLORIDA
367,GEORGIA,2008.0,52719.0,9685744,2008_GEORGIA
368,HAWAII,2008.0,5455.0,1288198,2008_HAWAII
369,IDAHO,2008.0,7033.0,1523816,2008_IDAHO
370,ILLINOIS,2008.0,45474.0,12901563,2008_ILLINOIS
371,INDIANA,2008.0,26392.0,6376792,2008_INDIANA
372,IOWA,2008.0,8723.0,3002555,2008_IOWA
373,KANSAS,2008.0,8556.0,2802134,2008_KANSAS
374,KENTUCKY,2008.0,15260.0,4269245,2008_KENTUCKY
375,LOUISIANA,2008.0,20857.0,4410796,2008_LOUISIANA
376,MAINE,2008.0,2047.0,1316456,2008_MAINE
377,MARYLAND,2008.0,23141.0,5633597,2008_MARYLAND
378,MASSACHUSETTS,2008.0,11174.0,6497967,2008_MASSACHUSETTS
379,MICHIGAN,2008.0,48738.0,10003422,2008_MICHIGAN
380,MINNESOTA,2008.0,9031.0,5220393,2008_MINNESOTA
381,MISSISSIPPI,2008.0,17896.0,2938618,2008_MISSISSIPPI
382,MISSOURI,2008.0,30137.0,5911605,2008_MISSOURI
383,MONTANA,2008.0,2910.0,967440,2008_MONTANA
384,NEBRASKA,2008.0,4470.0,1783432,2008_NEBRASKA
385,NEVADA,2008.0,12877.0,2600167,2008_NEVADA
386,NEW HAMPSHIRE,2008.0,2854.0,1315809,2008_NEW HAMPSHIRE
387,NEW JERSEY,2008.0,24835.0,8682661,2008_NEW JERSEY
388,NEW MEXICO,2008.0,6321.0,1984356,2008_NEW MEXICO
389,NEW YORK,2008.0,60198.0,19490297,2008_NEW YORK
390,NORTH CAROLINA,2008.0,39957.0,9222414,2008_NORTH CAROLINA
391,NORTH DAKOTA,2008.0,1379.0,641481,2008_NORTH DAKOTA
392,OHIO,2008.0,50884.0,11485910,2008_OHIO
393,OKLAHOMA,2008.0,23676.0,3642361,2008_OKLAHOMA
394,OREGON,2008.0,13541.0,3790060,2008_OREGON
395,PENNSYLVANIA,2008.0,48736.0,12448279,2008_PENNSYLVANIA
396,RHODE ISLAND,2008.0,3739.0,1050788,2008_RHODE ISLAND
397,SOUTH CAROLINA,2008.0,23685.0,4479800,2008_SOUTH CAROLINA
398,SOUTH DAKOTA,2008.0,3352.0,804194,2008_SOUTH DAKOTA
399,TENNESSEE,2008.0,19379.0,6214888,2008_TENNESSEE
400,TEXAS,2008.0,159237.0,24326974,2008_TEXAS
401,UTAH,2008.0,5132.0,2736424,2008_UTAH
402,VERMONT,2008.0,2116.0,621270,2008_VERMONT
403,VIRGINIA,2008.0,32585.0,7769089,2008_VIRGINIA
404,WASHINGTON,2008.0,17188.0,6549224,2008_WASHINGTON
405,WEST VIRGINIA,2008.0,4896.0,1814468,2008_WEST VIRGINIA
406,WISCONSIN,2008.0,22282.0,5627967,2008_WISCONSIN
407,WYOMING,2008.0,1704.0,532668,2008_WYOMING
409,ALABAMA,2009.0,27241.0,4708708,2009_ALABAMA
410,ALASKA,2009.0,5472.0,698473,2009_ALASKA
411,ARIZONA,2009.0,40544.0,6595778,2009_ARIZONA
412,ARKANSAS,2009.0,13338.0,2889450,2009_ARKANSAS
413,CALIFORNIA,2009.0,168830.0,36961664,2009_CALIFORNIA
414,COLORADO,2009.0,22725.0,5024748,2009_COLORADO
415,CONNECTICUT,2009.0,18938.0,3518288,2009_CONNECTICUT
416,DELAWARE,2009.0,6581.0,885122,2009_DELAWARE
417,FLORIDA,2009.0,101373.0,18537969,2009_FLORIDA
418,GEORGIA,2009.0,53538.0,9829211,2009_GEORGIA
419,HAWAII,2009.0,4848.0,1295178,2009_HAWAII
420,IDAHO,2009.0,7184.0,1545801,2009_IDAHO
421,ILLINOIS,2009.0,45161.0,12910409,2009_ILLINOIS
422,INDIANA,2009.0,26748.0,6423113,2009_INDIANA
423,IOWA,2009.0,8914.0,3007856,2009_IOWA
424,KANSAS,2009.0,8644.0,2818747,2009_KANSAS
425,KENTUCKY,2009.0,14984.0,4314113,2009_KENTUCKY
426,LOUISIANA,2009.0,19889.0,4492076,2009_LOUISIANA
427,MAINE,2009.0,2074.0,1318301,2009_MAINE
428,MARYLAND,2009.0,22066.0,5699478,2009_MARYLAND
429,MASSACHUSETTS,2009.0,11156.0,6593587,2009_MASSACHUSETTS
430,MICHIGAN,2009.0,45478.0,9969727,2009_MICHIGAN
431,MINNESOTA,2009.0,9500.0,5266214,2009_MINNESOTA
432,MISSISSIPPI,2009.0,17212.0,2951996,2009_MISSISSIPPI
433,MISSOURI,2009.0,30519.0,5987580,2009_MISSOURI
434,MONTANA,2009.0,3085.0,974989,2009_MONTANA
435,NEBRASKA,2009.0,4490.0,1796619,2009_NEBRASKA
436,NEVADA,2009.0,12570.0,2643085,2009_NEVADA
437,NEW HAMPSHIRE,2009.0,2915.0,1324575,2009_NEW HAMPSHIRE
438,NEW JERSEY,2009.0,24115.0,8707739,2009_NEW JERSEY
439,NEW MEXICO,2009.0,6584.0,2009671,2009_NEW MEXICO
440,NEW YORK,2009.0,58479.0,19541453,2009_NEW YORK
441,NORTH CAROLINA,2009.0,40133.0,9380884,2009_NORTH CAROLINA
442,NORTH DAKOTA,2009.0,1436.0,646844,2009_NORTH DAKOTA
443,OHIO,2009.0,50783.0,11542645,2009_OHIO
444,OKLAHOMA,2009.0,24053.0,3687050,2009_OKLAHOMA
445,OREGON,2009.0,13735.0,3825657,2009_OREGON
446,PENNSYLVANIA,2009.0,50485.0,12604767,2009_PENNSYLVANIA
447,RHODE ISLAND,2009.0,3413.0,1053209,2009_RHODE ISLAND
448,SOUTH CAROLINA,2009.0,23685.0,4561242,2009_SOUTH CAROLINA
449,SOUTH DAKOTA,2009.0,3390.0,812383,2009_SOUTH DAKOTA
450,TENNESSEE,2009.0,19932.0,6296254,2009_TENNESSEE
451,TEXAS,2009.0,158542.0,24782302,2009_TEXAS
452,UTAH,2009.0,5244.0,2784572,2009_UTAH
453,VERMONT,2009.0,2220.0,621760,2009_VERMONT
454,VIRGINIA,2009.0,30995.0,7882590,2009_VIRGINIA
455,WASHINGTON,2009.0,17255.0,6664195,2009_WASHINGTON
456,WEST VIRGINIA,2009.0,5062.0,1819777,2009_WEST VIRGINIA
457,WISCONSIN,2009.0,22262.0,5654774,2009_WISCONSIN
458,WYOMING,2009.0,1743.0,544270,2009_WYOMING
460,ALABAMA,2010.0,27345.0,4785401,2010_ALABAMA
461,ALASKA,2010.0,5369.0,714146,2010_ALASKA
462,ARIZONA,2010.0,40130.0,6413158,2010_ARIZONA
463,ARKANSAS,2010.0,14192.0,2921588,2010_ARKANSAS
464,CALIFORNIA,2010.0,162821.0,37338198,2010_CALIFORNIA
465,COLORADO,2010.0,22752.0,5047692,2010_COLORADO
466,CONNECTICUT,2010.0,18629.0,3575498,2010_CONNECTICUT
467,DELAWARE,2010.0,6378.0,899792,2010_DELAWARE
468,FLORIDA,2010.0,102070.0,18838613,2010_FLORIDA
469,GEORGIA,2010.0,52794.0,9712157,2010_GEORGIA
470,HAWAII,2010.0,5294.0,1363359,2010_HAWAII
471,IDAHO,2010.0,7235.0,1571102,2010_IDAHO
472,ILLINOIS,2010.0,48418.0,12841980,2010_ILLINOIS
473,INDIANA,2010.0,27273.0,6490622,2010_INDIANA
474,IOWA,2010.0,9457.0,3050202,2010_IOWA
475,KANSAS,2010.0,9055.0,2859143,2010_KANSAS
476,KENTUCKY,2010.0,14501.0,4347223,2010_KENTUCKY
477,LOUISIANA,2010.0,19008.0,4545343,2010_LOUISIANA
478,MAINE,2010.0,1954.0,1327379,2010_MAINE
479,MARYLAND,2010.0,22856.0,5785681,2010_MARYLAND
480,MASSACHUSETTS,2010.0,11162.0,6555466,2010_MASSACHUSETTS
481,MICHIGAN,2010.0,44113.0,9877143,2010_MICHIGAN
482,MINNESOTA,2010.0,9397.0,5310658,2010_MINNESOTA
483,MISSISSIPPI,2010.0,16454.0,2970072,2010_MISSISSIPPI
484,MISSOURI,2010.0,30577.0,5995715,2010_MISSOURI
485,MONTANA,2010.0,3137.0,990958,2010_MONTANA
486,NEBRASKA,2010.0,4608.0,1830141,2010_NEBRASKA
487,NEVADA,2010.0,12192.0,2704283,2010_NEVADA
488,NEW HAMPSHIRE,2010.0,2617.0,1316807,2010_NEW HAMPSHIRE
489,NEW JERSEY,2010.0,24488.0,8799593,2010_NEW JERSEY
490,NEW MEXICO,2010.0,6659.0,2065913,2010_NEW MEXICO
491,NEW YORK,2010.0,56420.0,19395206,2010_NEW YORK
492,NORTH CAROLINA,2010.0,40375.0,9560234,2010_NORTH CAROLINA
493,NORTH DAKOTA,2010.0,1416.0,674629,2010_NORTH DAKOTA
494,OHIO,2010.0,51709.0,11537968,2010_OHIO
495,OKLAHOMA,2010.0,24147.0,3760184,2010_OKLAHOMA
496,OREGON,2010.0,13859.0,3838332,2010_OREGON
497,PENNSYLVANIA,2010.0,48087.0,12717722,2010_PENNSYLVANIA
498,RHODE ISLAND,2010.0,3159.0,1052528,2010_RHODE ISLAND
499,SOUTH CAROLINA,2010.0,23009.0,4637106,2010_SOUTH CAROLINA
500,SOUTH DAKOTA,2010.0,3393.0,816598,2010_SOUTH DAKOTA
501,TENNESSEE,2010.0,20037.0,6357436,2010_TENNESSEE
502,TEXAS,2010.0,160242.0,25253466,2010_TEXAS
503,UTAH,2010.0,5442.0,2775479,2010_UTAH
504,VERMONT,2010.0,2079.0,625909,2010_VERMONT
505,VIRGINIA,2010.0,31911.0,8023953,2010_VIRGINIA
506,WASHINGTON,2010.0,17028.0,6742950,2010_WASHINGTON
507,WEST VIRGINIA,2010.0,5072.0,1854368,2010_WEST VIRGINIA
508,WISCONSIN,2010.0,22033.0,5691659,2010_WISCONSIN
509,WYOMING,2010.0,2092.0,564554,2010_WYOMING
511,ALABAMA,2011.0,26813.0,4803689,2011_ALABAMA
512,ALASKA,2011.0,6216.0,723860,2011_ALASKA
513,ARIZONA,2011.0,39949.0,6467315,2011_ARIZONA
514,ARKANSAS,2011.0,14090.0,2938582,2011_ARKANSAS
515,CALIFORNIA,2011.0,147578.0,37683933,2011_CALIFORNIA
516,COLORADO,2011.0,21862.0,5116302,2011_COLORADO
517,CONNECTICUT,2011.0,17877.0,3586717,2011_CONNECTICUT
518,DELAWARE,2011.0,6546.0,908137,2011_DELAWARE
519,FLORIDA,2011.0,100861.0,19082262,2011_FLORIDA
520,GEORGIA,2011.0,52844.0,9812460,2011_GEORGIA
521,HAWAII,2011.0,5454.0,1378129,2011_HAWAII
522,IDAHO,2011.0,7470.0,1583744,2011_IDAHO
523,ILLINOIS,2011.0,48427.0,12859752,2011_ILLINOIS
524,INDIANA,2011.0,27402.0,6516353,2011_INDIANA
525,IOWA,2011.0,9115.0,3064097,2011_IOWA
526,KANSAS,2011.0,9330.0,2870386,2011_KANSAS
527,KENTUCKY,2011.0,14001.0,4366814,2011_KENTUCKY
528,LOUISIANA,2011.0,18844.0,4574766,2011_LOUISIANA
529,MAINE,2011.0,1978.0,1328544,2011_MAINE
530,MARYLAND,2011.0,23001.0,5839572,2011_MARYLAND
531,MASSACHUSETTS,2011.0,11467.0,6607003,2011_MASSACHUSETTS
532,MICHIGAN,2011.0,42904.0,9876801,2011_MICHIGAN
533,MINNESOTA,2011.0,9309.0,5347299,2011_MINNESOTA
534,MISSISSIPPI,2011.0,15390.0,2977457,2011_MISSISSIPPI
535,MISSOURI,2011.0,30969.0,6008984,2011_MISSOURI
536,MONTANA,2011.0,3125.0,997667,2011_MONTANA
537,NEBRASKA,2011.0,4657.0,1842234,2011_NEBRASKA
538,NEVADA,2011.0,12159.0,2720028,2011_NEVADA
539,NEW HAMPSHIRE,2011.0,2423.0,1317807,2011_NEW HAMPSHIRE
540,NEW JERSEY,2011.0,23642.0,8834773,2011_NEW JERSEY
541,NEW MEXICO,2011.0,6687.0,2078674,2011_NEW MEXICO
542,NEW YORK,2011.0,55196.0,19501616,2011_NEW YORK
543,NORTH CAROLINA,2011.0,39662.0,9651103,2011_NORTH CAROLINA
544,NORTH DAKOTA,2011.0,1385.0,684740,2011_NORTH DAKOTA
545,OHIO,2011.0,50961.0,11541007,2011_OHIO
546,OKLAHOMA,2011.0,23750.0,3784163,2011_OKLAHOMA
547,OREGON,2011.0,13728.0,3868229,2011_OREGON
548,PENNSYLVANIA,2011.0,49710.0,12743948,2011_PENNSYLVANIA
549,RHODE ISLAND,2011.0,3032.0,1050646,2011_RHODE ISLAND
550,SOUTH CAROLINA,2011.0,22363.0,4673348,2011_SOUTH CAROLINA
551,SOUTH DAKOTA,2011.0,3562.0,823593,2011_SOUTH DAKOTA
552,TENNESSEE,2011.0,19831.0,6399787,2011_TENNESSEE
553,TEXAS,2011.0,159956.0,25631778,2011_TEXAS
554,UTAH,2011.0,5294.0,2814347,2011_UTAH
555,VERMONT,2011.0,2053.0,626592,2011_VERMONT
556,VIRGINIA,2011.0,30531.0,8104384,2011_VIRGINIA
557,WASHINGTON,2011.0,17109.0,6823267,2011_WASHINGTON
558,WEST VIRGINIA,2011.0,5149.0,1854908,2011_WEST VIRGINIA
559,WISCONSIN,2011.0,22388.0,5709843,2011_WISCONSIN
560,WYOMING,2011.0,2162.0,567356,2011_WYOMING
562,ALABAMA,2012.0,26768.0,4817528,2012_ALABAMA
563,ALASKA,2012.0,6308.0,730307,2012_ALASKA
564,ARIZONA,2012.0,40013.0,6551149,2012_ARIZONA
565,ARKANSAS,2012.0,14043.0,2949828,2012_ARKANSAS
566,CALIFORNIA,2012.0,132935.0,37999878,2012_CALIFORNIA
567,COLORADO,2012.0,20328.0,5189458,2012_COLORADO
568,CONNECTICUT,2012.0,17164.0,3591765,2012_CONNECTICUT
569,DELAWARE,2012.0,6730.0,917053,2012_DELAWARE
570,FLORIDA,2012.0,99835.0,19320749,2012_FLORIDA
571,GEORGIA,2012.0,55178.0,9915646,2012_GEORGIA
572,HAWAII,2012.0,5297.0,1390090,2012_HAWAII
573,IDAHO,2012.0,7715.0,1595590,2012_IDAHO
574,ILLINOIS,2012.0,49348.0,12868192,2012_ILLINOIS
575,INDIANA,2012.0,28034.0,6537782,2012_INDIANA
576,IOWA,2012.0,8735.0,3075039,2012_IOWA
577,KANSAS,2012.0,9505.0,2885398,2012_KANSAS
578,KENTUCKY,2012.0,12998.0,4379730,2012_KENTUCKY
579,LOUISIANA,2012.0,18601.0,4602134,2012_LOUISIANA
580,MAINE,2012.0,1977.0,1328501,2012_MAINE
581,MARYLAND,2012.0,21810.0,5884868,2012_MARYLAND
582,MASSACHUSETTS,2012.0,11127.0,6645303,2012_MASSACHUSETTS
583,MICHIGAN,2012.0,43594.0,9882519,2012_MICHIGAN
584,MINNESOTA,2012.0,9421.0,5379646,2012_MINNESOTA
585,MISSISSIPPI,2012.0,15791.0,2986450,2012_MISSISSIPPI
586,MISSOURI,2012.0,31205.0,6024522,2012_MISSOURI
587,MONTANA,2012.0,3095.0,1005494,2012_MONTANA
588,NEBRASKA,2012.0,4721.0,1855350,2012_NEBRASKA
589,NEVADA,2012.0,12594.0,2754354,2012_NEVADA
590,NEW HAMPSHIRE,2012.0,2568.0,1321617,2012_NEW HAMPSHIRE
591,NEW JERSEY,2012.0,23050.0,8867749,2012_NEW JERSEY
592,NEW MEXICO,2012.0,6640.0,2083540,2012_NEW MEXICO
593,NEW YORK,2012.0,54058.0,19576125,2012_NEW YORK
594,NORTH CAROLINA,2012.0,37378.0,9748364,2012_NORTH CAROLINA
595,NORTH DAKOTA,2012.0,1413.0,701345,2012_NORTH DAKOTA
596,OHIO,2012.0,50872.0,11553031,2012_OHIO
597,OKLAHOMA,2012.0,24370.0,3815780,2012_OKLAHOMA
598,OREGON,2012.0,14123.0,3899801,2012_OREGON
599,PENNSYLVANIA,2012.0,50228.0,12764475,2012_PENNSYLVANIA
600,RHODE ISLAND,2012.0,3042.0,1050304,2012_RHODE ISLAND
601,SOUTH CAROLINA,2012.0,21867.0,4723417,2012_SOUTH CAROLINA
602,SOUTH DAKOTA,2012.0,3596.0,834047,2012_SOUTH DAKOTA
603,TENNESSEE,2012.0,19817.0,6454914,2012_TENNESSEE
604,TEXAS,2012.0,155195.0,26060796,2012_TEXAS
605,UTAH,2012.0,5309.0,2854871,2012_UTAH
606,VERMONT,2012.0,2034.0,625953,2012_VERMONT
607,VIRGINIA,2012.0,29708.0,8186628,2012_VIRGINIA
608,WASHINGTON,2012.0,16919.0,6895318,2012_WASHINGTON
609,WEST VIRGINIA,2012.0,5335.0,1856680,2012_WEST VIRGINIA
610,WISCONSIN,2012.0,22419.0,5724554,2012_WISCONSIN
611,WYOMING,2012.0,2187.0,576626,2012_WYOMING
613,ALABAMA,2013.0,26825.0,4833996,2013_ALABAMA
614,ALASKA,2013.0,5081.0,737259,2013_ALASKA
615,ARIZONA,2013.0,41031.0,6634997,2013_ARIZONA
616,ARKANSAS,2013.0,14295.0,2958765,2013_ARKANSAS
617,CALIFORNIA,2013.0,134339.0,38431393,2013_CALIFORNIA
618,COLORADO,2013.0,20184.0,5272086,2013_COLORADO
619,CONNECTICUT,2013.0,17319.0,3599341,2013_CONNECTICUT
620,DELAWARE,2013.0,6798.0,925240,2013_DELAWARE
621,FLORIDA,2013.0,100940.0,19600311,2013_FLORIDA
622,GEORGIA,2013.0,53701.0,9994759,2013_GEORGIA
623,HAWAII,2013.0,5173.0,1408987,2013_HAWAII
624,IDAHO,2013.0,7219.0,1612843,2013_IDAHO
625,ILLINOIS,2013.0,48653.0,12890552,2013_ILLINOIS
626,INDIANA,2013.0,28495.0,6570713,2013_INDIANA
627,IOWA,2013.0,8707.0,3092341,2013_IOWA
628,KANSAS,2013.0,9610.0,2895801,2013_KANSAS
629,KENTUCKY,2013.0,12141.0,4399583,2013_KENTUCKY
630,LOUISIANA,2013.0,18794.0,4629284,2013_LOUISIANA
631,MAINE,2013.0,2073.0,1328702,2013_MAINE
632,MARYLAND,2013.0,21705.0,5938737,2013_MARYLAND
633,MASSACHUSETTS,2013.0,10622.0,6708874,2013_MASSACHUSETTS
634,MICHIGAN,2013.0,43704.0,9898193,2013_MICHIGAN
635,MINNESOTA,2013.0,9391.0,5422060,2013_MINNESOTA
636,MISSISSIPPI,2013.0,15591.0,2992206,2013_MISSISSIPPI
637,MISSOURI,2013.0,31499.0,6044917,2013_MISSOURI
638,MONTANA,2013.0,3125.0,1014864,2013_MONTANA
639,NEBRASKA,2013.0,5012.0,1868969,2013_NEBRASKA
640,NEVADA,2013.0,12789.0,2791494,2013_NEVADA
641,NEW HAMPSHIRE,2013.0,2623.0,1322616,2013_NEW HAMPSHIRE
642,NEW JERSEY,2013.0,22263.0,8911502,2013_NEW JERSEY
643,NEW MEXICO,2013.0,6767.0,2086895,2013_NEW MEXICO
644,NEW YORK,2013.0,53312.0,19695680,2013_NEW YORK
645,NORTH CAROLINA,2013.0,37176.0,9848917,2013_NORTH CAROLINA
646,NORTH DAKOTA,2013.0,1576.0,723857,2013_NORTH DAKOTA
647,OHIO,2013.0,51711.0,11572005,2013_OHIO
648,OKLAHOMA,2013.0,25364.0,3853118,2013_OKLAHOMA
649,OREGON,2013.0,14605.0,3928068,2013_OREGON
650,PENNSYLVANIA,2013.0,49971.0,12781296,2013_PENNSYLVANIA
651,RHODE ISLAND,2013.0,3168.0,1053354,2013_RHODE ISLAND
652,SOUTH CAROLINA,2013.0,21534.0,4771929,2013_SOUTH CAROLINA
653,SOUTH DAKOTA,2013.0,3612.0,845510,2013_SOUTH DAKOTA
654,TENNESSEE,2013.0,20758.0,6497269,2013_TENNESSEE
655,TEXAS,2013.0,155377.0,26505637,2013_TEXAS
656,UTAH,2013.0,5382.0,2902787,2013_UTAH
657,VERMONT,2013.0,2078.0,626855,2013_VERMONT
658,VIRGINIA,2013.0,29985.0,8270345,2013_VIRGINIA
659,WASHINGTON,2013.0,17760.0,6973742,2013_WASHINGTON
660,WEST VIRGINIA,2013.0,5708.0,1853595,2013_WEST VIRGINIA
661,WISCONSIN,2013.0,22443.0,5742953,2013_WISCONSIN
662,WYOMING,2013.0,2288.0,583223,2013_WYOMING
664,ALABAMA,2014.0,26145.0,4849377,2014_ALABAMA
665,ALASKA,2014.0,6323.0,736732,2014_ALASKA
666,ARIZONA,2014.0,42136.0,6731484,2014_ARIZONA
667,ARKANSAS,2014.0,15250.0,2966369,2014_ARKANSAS
668,CALIFORNIA,2014.0,134430.0,38802500,2014_CALIFORNIA
669,COLORADO,2014.0,20469.0,5355866,2014_COLORADO
670,CONNECTICUT,2014.0,16814.0,3596677,2014_CONNECTICUT
671,DELAWARE,2014.0,6730.0,935614,2014_DELAWARE
672,FLORIDA,2014.0,100873.0,19893297,2014_FLORIDA
673,GEORGIA,2014.0,52719.0,10097343,2014_GEORGIA
674,HAWAII,2014.0,5390.0,1419561,2014_HAWAII
675,IDAHO,2014.0,7497.0,1634464,2014_IDAHO
676,ILLINOIS,2014.0,48278.0,12880580,2014_ILLINOIS
677,INDIANA,2014.0,32493.0,6596855,2014_INDIANA
678,IOWA,2014.0,8845.0,3107126,2014_IOWA
679,KANSAS,2014.0,9539.0,2904021,2014_KANSAS
680,KENTUCKY,2014.0,12114.0,4413457,2014_KENTUCKY
681,LOUISIANA,2014.0,18710.0,4649676,2014_LOUISIANA
682,MAINE,2014.0,2199.0,1330089,2014_MAINE
683,MARYLAND,2014.0,21266.0,5976407,2014_MARYLAND
684,MASSACHUSETTS,2014.0,10447.0,6745408,2014_MASSACHUSETTS
685,MICHIGAN,2014.0,43359.0,9909877,2014_MICHIGAN
686,MINNESOTA,2014.0,9576.0,5457173,2014_MINNESOTA
687,MISSISSIPPI,2014.0,13069.0,2994079,2014_MISSISSIPPI
688,MISSOURI,2014.0,31903.0,6063589,2014_MISSOURI
689,MONTANA,2014.0,3119.0,1023579,2014_MONTANA
690,NEBRASKA,2014.0,5228.0,1881503,2014_NEBRASKA
691,NEVADA,2014.0,12693.0,2839099,2014_NEVADA
692,NEW HAMPSHIRE,2014.0,2723.0,1326813,2014_NEW HAMPSHIRE
693,NEW JERSEY,2014.0,21394.0,8938175,2014_NEW JERSEY
694,NEW MEXICO,2014.0,6948.0,2085572,2014_NEW MEXICO
695,NEW YORK,2014.0,52362.0,19746227,2014_NEW YORK
696,NORTH CAROLINA,2014.0,37348.0,9943964,2014_NORTH CAROLINA
697,NORTH DAKOTA,2014.0,1696.0,739482,2014_NORTH DAKOTA
698,OHIO,2014.0,51521.0,11594163,2014_OHIO
699,OKLAHOMA,2014.0,26493.0,3878051,2014_OKLAHOMA
700,OREGON,2014.0,14492.0,3970239,2014_OREGON
701,PENNSYLVANIA,2014.0,49174.0,12787209,2014_PENNSYLVANIA
702,RHODE ISLAND,2014.0,3133.0,1055173,2014_RHODE ISLAND
703,SOUTH CAROLINA,2014.0,20948.0,4832482,2014_SOUTH CAROLINA
704,SOUTH DAKOTA,2014.0,3507.0,853175,2014_SOUTH DAKOTA
705,TENNESSEE,2014.0,20815.0,6549352,2014_TENNESSEE
706,TEXAS,2014.0,154247.0,26956958,2014_TEXAS
707,UTAH,2014.0,5307.0,2942902,2014_UTAH
708,VERMONT,2014.0,1979.0,626562,2014_VERMONT
709,VIRGINIA,2014.0,30050.0,8326289,2014_VIRGINIA
710,WASHINGTON,2014.0,17180.0,7061530,2014_WASHINGTON
711,WEST VIRGINIA,2014.0,5867.0,1850326,2014_WEST VIRGINIA
712,WISCONSIN,2014.0,22572.0,5757564,2014_WISCONSIN
713,WYOMING,2014.0,2369.0,584153,2014_WYOMING
715,ALABAMA,2015.0,25212.0,4858979,2015_ALABAMA
716,ALASKA,2015.0,5247.0,738432,2015_ALASKA
717,ARIZONA,2015.0,42204.0,6828065,2015_ARIZONA
718,ARKANSAS,2015.0,15784.0,2978204,2015_ARKANSAS
719,CALIFORNIA,2015.0,127815.0,39144818,2015_CALIFORNIA
720,COLORADO,2015.0,19959.0,5456574,2015_COLORADO
721,CONNECTICUT,2015.0,16024.0,3590886,2015_CONNECTICUT
722,DELAWARE,2015.0,6437.0,945934,2015_DELAWARE
723,FLORIDA,2015.0,99485.0,20271272,2015_FLORIDA
724,GEORGIA,2015.0,52002.0,10214860,2015_GEORGIA
725,HAWAII,2015.0,5413.0,1431603,2015_HAWAII
726,IDAHO,2015.0,7238.0,1654930,2015_IDAHO
727,ILLINOIS,2015.0,46240.0,12859995,2015_ILLINOIS
728,INDIANA,2015.0,26586.0,6619680,2015_INDIANA
729,IOWA,2015.0,8864.0,3123899,2015_IOWA
730,KANSAS,2015.0,9533.0,2911641,2015_KANSAS
731,KENTUCKY,2015.0,11959.0,4425092,2015_KENTUCKY
732,LOUISIANA,2015.0,18447.0,4670724,2015_LOUISIANA
733,MAINE,2015.0,2190.0,1329328,2015_MAINE
734,MARYLAND,2015.0,20951.0,6006401,2015_MARYLAND
735,MASSACHUSETTS,2015.0,9493.0,6794422,2015_MASSACHUSETTS
736,MICHIGAN,2015.0,42628.0,9922576,2015_MICHIGAN
737,MINNESOTA,2015.0,9578.0,5489594,2015_MINNESOTA
738,MISSISSIPPI,2015.0,13967.0,2992333,2015_MISSISSIPPI
739,MISSOURI,2015.0,32295.0,6083672,2015_MISSOURI
740,MONTANA,2015.0,3176.0,1032949,2015_MONTANA
741,NEBRASKA,2015.0,5133.0,1896190,2015_NEBRASKA
742,NEVADA,2015.0,13235.0,2890845,2015_NEVADA
743,NEW HAMPSHIRE,2015.0,2661.0,1330608,2015_NEW HAMPSHIRE
744,NEW JERSEY,2015.0,20294.0,8958013,2015_NEW JERSEY
745,NEW MEXICO,2015.0,7104.0,2085109,2015_NEW MEXICO
746,NEW YORK,2015.0,51485.0,19795791,2015_NEW YORK
747,NORTH CAROLINA,2015.0,36888.0,10042802,2015_NORTH CAROLINA
748,NORTH DAKOTA,2015.0,1772.0,756927,2015_NORTH DAKOTA
749,OHIO,2015.0,52240.0,11613423,2015_OHIO
750,OKLAHOMA,2015.0,27321.0,3911338,2015_OKLAHOMA
751,OREGON,2015.0,14655.0,4028977,2015_OREGON
752,PENNSYLVANIA,2015.0,48846.0,12802503,2015_PENNSYLVANIA
753,RHODE ISLAND,2015.0,2982.0,1056298,2015_RHODE ISLAND
754,SOUTH CAROLINA,2015.0,20457.0,4896146,2015_SOUTH CAROLINA
755,SOUTH DAKOTA,2015.0,3536.0,858469,2015_SOUTH DAKOTA
756,TENNESSEE,2015.0,19800.0,6600299,2015_TENNESSEE
757,TEXAS,2015.0,152492.0,27469114,2015_TEXAS
758,UTAH,2015.0,4831.0,2995919,2015_UTAH
759,VERMONT,2015.0,1750.0,626042,2015_VERMONT
760,VIRGINIA,2015.0,30430.0,8382993,2015_VIRGINIA
761,WASHINGTON,2015.0,17222.0,7170351,2015_WASHINGTON
762,WEST VIRGINIA,2015.0,5925.0,1844128,2015_WEST VIRGINIA
763,WISCONSIN,2015.0,22914.0,5771337,2015_WISCONSIN
764,WYOMING,2015.0,2400.0,586107,2015_WYOMING
766,ALABAMA,2016.0,23745.0,4860545,2016_ALABAMA
767,ALASKA,2016.0,4378.0,741522,2016_ALASKA
768,ARIZONA,2016.0,42248.0,6908642,2016_ARIZONA
769,ARKANSAS,2016.0,15833.0,2988231,2016_ARKANSAS
770,CALIFORNIA,2016.0,129416.0,39296476,2016_CALIFORNIA
771,COLORADO,2016.0,19486.0,5530105,2016_COLORADO
772,CONNECTICUT,2016.0,15040.0,3587685,2016_CONNECTICUT
773,DELAWARE,2016.0,6334.0,952698,2016_DELAWARE
774,FLORIDA,2016.0,98010.0,20656589,2016_FLORIDA
775,GEORGIA,2016.0,53433.0,10313620,2016_GEORGIA
776,HAWAII,2016.0,5182.0,1428683,2016_HAWAII
777,IDAHO,2016.0,7221.0,1680026,2016_IDAHO
778,ILLINOIS,2016.0,43616.0,12835726,2016_ILLINOIS
779,INDIANA,2016.0,25143.0,6634007,2016_INDIANA
780,IOWA,2016.0,9049.0,3130869,2016_IOWA
781,KANSAS,2016.0,9653.0,2907731,2016_KANSAS
782,KENTUCKY,2016.0,11867.0,4436113,2016_KENTUCKY
783,LOUISIANA,2016.0,15059.0,4686157,2016_LOUISIANA
784,MAINE,2016.0,2356.0,1330232,2016_MAINE
785,MARYLAND,2016.0,20236.0,6024752,2016_MARYLAND
786,MASSACHUSETTS,2016.0,9038.0,6823721,2016_MASSACHUSETTS
787,MICHIGAN,2016.0,41122.0,9933445,2016_MICHIGAN
788,MINNESOTA,2016.0,9509.0,5525050,2016_MINNESOTA
789,MISSISSIPPI,2016.0,13720.0,2985415,2016_MISSISSIPPI
790,MISSOURI,2016.0,32427.0,6091176,2016_MISSOURI
791,MONTANA,2016.0,3199.0,1038656,2016_MONTANA
792,NEBRASKA,2016.0,5167.0,1907603,2016_NEBRASKA
793,NEVADA,2016.0,13932.0,2939254,2016_NEVADA
794,NEW HAMPSHIRE,2016.0,2599.0,1335015,2016_NEW HAMPSHIRE
795,NEW JERSEY,2016.0,19458.0,8978416,2016_NEW JERSEY
796,NEW MEXICO,2016.0,6996.0,2085432,2016_NEW MEXICO
797,NEW YORK,2016.0,50611.0,19836286,2016_NEW YORK
798,NORTH CAROLINA,2016.0,35970.0,10156689,2016_NORTH CAROLINA
799,NORTH DAKOTA,2016.0,1639.0,755548,2016_NORTH DAKOTA
800,OHIO,2016.0,52172.0,11622554,2016_OHIO
801,OKLAHOMA,2016.0,26367.0,3921207,2016_OKLAHOMA
802,OREGON,2016.0,14579.0,4085989,2016_OREGON
803,PENNSYLVANIA,2016.0,48287.0,12787085,2016_PENNSYLVANIA
804,RHODE ISLAND,2016.0,2887.0,1057566,2016_RHODE ISLAND
805,SOUTH CAROLINA,2016.0,20376.0,4959822,2016_SOUTH CAROLINA
806,SOUTH DAKOTA,2016.0,3770.0,861542,2016_SOUTH DAKOTA
807,TENNESSEE,2016.0,21539.0,6649404,2016_TENNESSEE
808,TEXAS,2016.0,151276.0,27904862,2016_TEXAS
809,UTAH,2016.0,4502.0,3044321,2016_UTAH
810,VERMONT,2016.0,1735.0,623354,2016_VERMONT
811,VIRGINIA,2016.0,29882.0,8414380,2016_VIRGINIA
812,WASHINGTON,2016.0,17228.0,7280934,2016_WASHINGTON
813,WEST VIRGINIA,2016.0,5899.0,1828637,2016_WEST VIRGINIA
814,WISCONSIN,2016.0,23163.0,5772917,2016_WISCONSIN
815,WYOMING,2016.0,2352.0,584910,2016_WYOMING
